group	fill	clickSelects
1	#FFFFFF	61
2	#FFFFFF	61
3	#FFFFFF	61
4	#FFFFFF	61
5	#FFFFFF	400
6	#FFFFFF	400
7	#FFFFFF	400
8	#FFFFFF	400
9	#FFFFFF	400
10	#FFFFFF	400
11	#FFFFFF	400
12	#FFFFFF	61
13	#FFFFFF	400
14	#FFFFFF	61
15	#FFFFFF	61
16	#FFFFFF	61
17	#FFFFFF	61
18	#FFFFFF	400
19	#FFFFFF	400
20	#FFFFFF	400
21	#FFFFFF	400
22	#FFFFFF	2492
23	#FFFFFF	400
24	#FFFFFF	400
25	#FFFFFF	61
26	#FFFFFF	400
27	#FFFFFF	400
32	#FFFFFF	2012
33	#FFFFFF	2012
34	#FFFFFF	2012
35	#FFFFFF	2012
36	#FFFFFF	61
37	#FFFFFF	2012
38	#FFFFFF	2012
39	#FFFFFF	2012
40	#FFFFFF	2012
41	#FFFFFF	2012
42	#FFFFFF	2012
43	#FFFFFF	1221
44	#FFFFFF	1221
45	#FFFFFF	1221
46	#FFFFFF	61
47	#FFFFFF	61
48	#FFFFFF	400
49	#FFFFFF	400
50	#FFFFFF	400
51	#FFFFFF	61
52	#FFFFFF	61
53	#FFFFFF	61
54	#FFFFFF	61
55	#FFFFFF	61
56	#FFFFFF	400
57	#FFFFFF	400
58	#FFFFFF	400
59	#FFFFFF	400
60	#FFFFFF	400
61	#FFFFFF	400
62	#FFFFFF	61
63	#FFFFFF	61
64	#FFFFFF	61
65	#FFFFFF	400
66	#FFFFFF	61
67	#FFFFFF	61
68	#FFFFFF	400
69	#FFFFFF	400
70	#FFFFFF	400
71	#FFFFFF	400
72	#FFFFFF	400
73	#FFFFFF	2492
74	#FFFFFF	400
75	#FFFFFF	61
76	#FFFFFF	2012
77	#FFFFFF	400
82	#FFFFFF	2012
83	#FFFFFF	2012
84	#FFFFFF	2012
85	#FFFFFF	2012
86	#FFFFFF	61
87	#FFFFFF	2012
88	#FFFFFF	2012
89	#FFFFFF	2012
90	#FFFFFF	2012
91	#FFFFFF	2012
92	#FFFFFF	2012
93	#FFFFFF	2012
94	#FFFFFF	1221
95	#FFFFFF	1221
96	#FFFFFF	1221
97	#FFFFFF	61
98	#FFFFFF	61
99	#FFFFFF	61
100	#FFFFFF	400
101	#FFFFFF	400
102	#FFFFFF	61
103	#FFFFFF	61
104	#FFFFFF	61
105	#FFFFFF	61
106	#FFFFFF	400
107	#FFFFFF	400
108	#FFFFFF	400
109	#FFFFFF	400
110	#FFFFFF	400
111	#FFFFFF	400
112	#FFFFFF	400
113	#FFFFFF	61
114	#FFFFFF	61
115	#FFFFFF	61
116	#FFFFFF	61
117	#FFFFFF	61
118	#FFFFFF	61
119	#FFFFFF	400
120	#FFFFFF	400
121	#FFFFFF	400
122	#FFFFFF	2492
123	#FFFFFF	2492
124	#FFFFFF	400
125	#FFFFFF	400
126	#FFFFFF	61
127	#FFFFFF	2012
132	#FFFFFF	2012
133	#FFFFFF	2012
134	#FFFFFF	2012
135	#FFFFFF	2012
136	#FFFFFF	2012
137	#FFFFFF	61
138	#FFFFFF	2012
139	#FFFFFF	2012
140	#FFFFFF	2012
141	#FFFFFF	2012
142	#FFFFFF	2012
143	#FFFFFF	2012
144	#FFFFFF	2012
145	#FFFFFF	1221
146	#FFFFFF	1221
147	#FFFFFF	61
148	#FFFFFF	61
149	#FFFFFF	61
150	#FFFFFF	400
151	#FFFFFF	61
152	#FFFFFF	400
153	#FFFFFF	61
154	#FFFFFF	61
155	#FFFFFF	400
156	#FFFFFF	400
157	#FFFFFF	61
158	#FFFFFF	61
159	#FFFFFF	400
160	#FFFFFF	61
161	#FFFFFF	61
162	#FFFFFF	61
163	#FFFFFF	2012
164	#FFFFFF	61
165	#FFFFFF	400
166	#FFFFFF	61
167	#FFFFFF	61
168	#FFFFFF	400
173	#FFFFFF	400
174	#FFFFFF	2012
175	#FFFFFF	2012
176	#FFFFFF	400
177	#FFFFFF	2012
178	#FFFFFF	2012
179	#FFFFFF	2012
180	#FFFFFF	2012
181	#FFFFFF	2012
182	#FFFFFF	2012
183	#FFFFFF	2012
184	#FFFFFF	2012
185	#FFFFFF	455
186	#FFFFFF	455
187	#FFFFFF	400
188	#FFFFFF	455
189	#FFFFFF	455
190	#FFFFFF	455
191	#FFFFFF	455
192	#FFFFFF	455
193	#FFFFFF	455
194	#FFFFFF	2012
195	#FFFFFF	2012
196	#FFFFFF	2012
197	#FFFFFF	2012
198	#FFFFFF	400
199	#FFFFFF	400
200	#FFFFFF	400
201	#FFFFFF	400
202	#FFFFFF	400
203	#FFFFFF	400
204	#FFFFFF	61
205	#FFFFFF	61
206	#FFFFFF	400
207	#FFFFFF	400
208	#FFFFFF	61
209	#FFFFFF	61
210	#FFFFFF	61
211	#FFFFFF	61
212	#FFFFFF	61
213	#FFFFFF	61
214	#FFFFFF	2012
215	#FFFFFF	61
216	#FFFFFF	400
217	#FFFFFF	2012
218	#FFFFFF	61
223	#FFFFFF	2012
224	#FFFFFF	400
225	#FFFFFF	2012
226	#FFFFFF	2012
227	#FFFFFF	400
228	#FFFFFF	2012
229	#FFFFFF	2012
230	#FFFFFF	2012
231	#FFFFFF	2012
232	#FFFFFF	2012
233	#FFFFFF	2012
234	#FFFFFF	2012
235	#FFFFFF	2012
236	#FFFFFF	455
237	#FFFFFF	455
238	#FFFFFF	400
239	#FFFFFF	455
240	#FFFFFF	455
241	#FFFFFF	455
242	#FFFFFF	455
243	#FFFFFF	455
244	#FFFFFF	2012
245	#FFFFFF	2012
246	#FFFFFF	2012
247	#FFFFFF	2012
248	#FFFFFF	400
249	#FFFFFF	400
250	#FFFFFF	400
251	#FFFFFF	400
252	#FFFFFF	400
253	#FFFFFF	400
254	#FFFFFF	61
255	#FFFFFF	61
256	#FFFFFF	61
257	#FFFFFF	61
258	#FFFFFF	61
259	#FFFFFF	61
260	#FFFFFF	61
261	#FFFFFF	61
262	#FFFFFF	61
263	#FFFFFF	61
264	#FFFFFF	2012
265	#FFFFFF	2012
266	#FFFFFF	61
267	#FFFFFF	2012
268	#FFFFFF	2012
273	#FFFFFF	400
274	#FFFFFF	2012
275	#FFFFFF	2012
276	#FFFFFF	2012
277	#FFFFFF	400
278	#FFFFFF	2012
279	#FFFFFF	2012
280	#FFFFFF	2012
281	#FFFFFF	2012
282	#FFFFFF	2012
283	#FFFFFF	2012
284	#FFFFFF	2012
285	#FFFFFF	2012
286	#FFFFFF	455
287	#FFFFFF	455
288	#FFFFFF	400
289	#FFFFFF	455
290	#FFFFFF	455
291	#FFFFFF	455
292	#FFFFFF	455
293	#FFFFFF	455
294	#FFFFFF	455
295	#FFFFFF	455
296	#FFFFFF	455
297	#FFFFFF	455
298	#FFFFFF	2012
299	#FFFFFF	400
300	#FFFFFF	400
301	#FFFFFF	400
302	#FFFFFF	400
303	#FFFFFF	61
304	#FFFFFF	400
305	#FFFFFF	61
306	#FFFFFF	400
307	#FFFFFF	61
308	#FFFFFF	61
309	#FFFFFF	61
310	#FFFFFF	61
311	#FFFFFF	61
312	#FFFFFF	61
313	#FFFFFF	61
314	#FFFFFF	61
315	#FFFFFF	61
316	#FFFFFF	2012
317	#FFFFFF	400
323	#FFFFFF	400
324	#FFFFFF	2012
325	#FFFFFF	2012
326	#FFFFFF	2012
327	#FFFFFF	2012
328	#FFFFFF	400
329	#FFFFFF	2012
330	#FFFFFF	2012
331	#FFFFFF	2012
332	#FFFFFF	2012
333	#FFFFFF	2012
334	#FFFFFF	2012
335	#FFFFFF	2012
336	#FFFFFF	2012
337	#FFFFFF	455
338	#FFFFFF	455
339	#FFFFFF	400
340	#FFFFFF	455
341	#FFFFFF	455
342	#FFFFFF	455
343	#FFFFFF	455
344	#FFFFFF	455
345	#FFFFFF	455
346	#FFFFFF	455
347	#FFFFFF	455
348	#FFFFFF	2012
349	#FFFFFF	61
350	#FFFFFF	400
351	#FFFFFF	400
352	#FFFFFF	61
353	#FFFFFF	61
354	#FFFFFF	400
355	#FFFFFF	61
356	#FFFFFF	61
357	#FFFFFF	61
358	#FFFFFF	61
359	#FFFFFF	61
360	#FFFFFF	61
361	#FFFFFF	61
362	#FFFFFF	61
363	#FFFFFF	61
364	#FFFFFF	61
365	#FFFFFF	61
366	#FFFFFF	2012
367	#FFFFFF	400
368	#FFFFFF	2012
373	#FFFFFF	400
374	#FFFFFF	400
375	#FFFFFF	2012
376	#FFFFFF	2012
377	#FFFFFF	2012
378	#FFFFFF	400
379	#FFFFFF	2012
380	#FFFFFF	2012
381	#FFFFFF	2012
382	#FFFFFF	2012
383	#FFFFFF	2012
384	#FFFFFF	2012
385	#FFFFFF	2012
386	#FFFFFF	455
387	#FFFFFF	455
388	#FFFFFF	455
389	#FFFFFF	400
390	#FFFFFF	455
391	#FFFFFF	455
392	#FFFFFF	791
393	#FFFFFF	791
394	#FFFFFF	455
395	#FFFFFF	455
396	#FFFFFF	455
397	#FFFFFF	455
398	#FFFFFF	455
399	#FFFFFF	455
400	#FFFFFF	400
401	#FFFFFF	61
402	#FFFFFF	61
403	#FFFFFF	61
404	#FFFFFF	61
405	#FFFFFF	61
406	#FFFFFF	61
407	#FFFFFF	61
408	#FFFFFF	61
409	#FFFFFF	61
410	#FFFFFF	61
411	#FFFFFF	61
412	#FFFFFF	61
413	#FFFFFF	61
414	#FFFFFF	61
415	#FFFFFF	2012
416	#FFFFFF	2012
417	#FFFFFF	61
418	#FFFFFF	400
423	#FFFFFF	400
424	#FFFFFF	2012
425	#FFFFFF	2012
426	#FFFFFF	2012
427	#FFFFFF	2012
428	#FFFFFF	2012
429	#FFFFFF	400
430	#FFFFFF	2012
431	#FFFFFF	2012
432	#FFFFFF	2012
433	#FFFFFF	2012
434	#FFFFFF	2012
435	#FFFFFF	2012
436	#FFFFFF	455
437	#FFFFFF	455
438	#FFFFFF	455
439	#FFFFFF	455
440	#FFFFFF	400
441	#FFFFFF	455
442	#FFFFFF	455
443	#FFFFFF	791
444	#FFFFFF	455
445	#FFFFFF	791
446	#FFFFFF	455
447	#FFFFFF	455
448	#FFFFFF	455
449	#FFFFFF	455
450	#FFFFFF	61
451	#FFFFFF	61
452	#FFFFFF	61
453	#FFFFFF	61
454	#FFFFFF	61
455	#FFFFFF	61
456	#FFFFFF	61
457	#FFFFFF	61
458	#FFFFFF	61
459	#FFFFFF	61
460	#FFFFFF	61
461	#FFFFFF	61
462	#FFFFFF	61
463	#FFFFFF	61
464	#FFFFFF	61
465	#FFFFFF	61
466	#FFFFFF	2012
468	#FFFFFF	61
473	#FFFFFF	61
474	#FFFFFF	2012
475	#FFFFFF	2012
476	#FFFFFF	2012
477	#FFFFFF	2012
478	#FFFFFF	2012
479	#FFFFFF	400
480	#FFFFFF	2012
481	#FFFFFF	2012
482	#FFFFFF	2012
483	#FFFFFF	2012
484	#FFFFFF	2012
485	#FFFFFF	2012
486	#FFFFFF	455
487	#FFFFFF	455
488	#FFFFFF	455
489	#FFFFFF	455
490	#FFFFFF	400
491	#FFFFFF	455
492	#FFFFFF	791
493	#FFFFFF	791
494	#FFFFFF	455
495	#FFFFFF	791
496	#FFFFFF	791
497	#FFFFFF	455
498	#FFFFFF	455
499	#FFFFFF	455
500	#FFFFFF	471
501	#FFFFFF	61
502	#FFFFFF	61
503	#FFFFFF	61
504	#FFFFFF	61
505	#FFFFFF	61
506	#FFFFFF	61
507	#FFFFFF	61
508	#FFFFFF	61
509	#FFFFFF	61
510	#FFFFFF	61
511	#FFFFFF	61
512	#FFFFFF	61
513	#FFFFFF	61
514	#FFFFFF	61
515	#FFFFFF	61
516	#FFFFFF	61
517	#FFFFFF	61
519	#FFFFFF	61
523	#FFFFFF	61
524	#FFFFFF	2012
525	#FFFDFD	4077
526	#FFFFFF	2012
527	#FFFFFF	2012
528	#FFFFFF	2012
529	#FFFFFF	2012
530	#FFFFFF	400
531	#FFFFFF	2012
532	#FFFFFF	2012
533	#FFFFFF	2012
534	#FFFFFF	2012
535	#FFFFFF	2012
536	#FFFFFF	2012
537	#FFFFFF	455
538	#FFFFFF	455
539	#FFFFFF	455
540	#FFFFFF	455
541	#FFFFFF	61
542	#FFFFFF	455
543	#FFFFFF	791
544	#FFFFFF	791
545	#FFFFFF	791
546	#FFFFFF	791
547	#FFFFFF	455
548	#FFFFFF	455
549	#FFFFFF	455
550	#FFFFFF	455
551	#FFFFFF	61
552	#FFFFFF	61
553	#FFFFFF	61
554	#FFFFFF	61
556	#FFFFFF	61
557	#FFFFFF	61
558	#FFFFFF	61
559	#FFFFFF	61
561	#FFFFFF	61
562	#FFFFFF	61
563	#FFFFFF	61
564	#FFFFFF	61
565	#FFFFFF	61
566	#FFFFFF	61
567	#FFFFFF	61
569	#FFFFFF	400
573	#FFFFFF	2012
574	#FFFFFF	2012
575	#FFFDFD	4077
576	#FFFDFD	4077
577	#FFFFFF	2012
578	#FFFFFF	2012
579	#FFFFFF	2012
580	#FFFFFF	61
581	#FFFFFF	2012
582	#FFFFFF	2012
583	#FFFFFF	2012
584	#FFFFFF	2012
585	#FFFFFF	2012
586	#FFFFFF	455
587	#FFFFFF	455
588	#FFFFFF	455
589	#FFFFFF	455
590	#FFFFFF	455
591	#FFFFFF	400
592	#FFFFFF	791
593	#FFFFFF	791
594	#FFFFFF	791
595	#FFFFFF	791
596	#FFFFFF	791
597	#FFFFFF	455
598	#FFFFFF	455
599	#FFFFFF	455
600	#FFFFFF	455
601	#FFFFFF	455
602	#FFFFFF	61
603	#FFFFFF	61
604	#FFFFFF	61
605	#FFFFFF	61
606	#FFFFFF	61
607	#FFFFFF	61
608	#FFFFFF	61
609	#FFFFFF	400
610	#FFFFFF	61
611	#FFFFFF	61
612	#FFFFFF	61
613	#FFFFFF	61
614	#FFFFFF	61
615	#FFFFFF	61
616	#FFFFFF	61
617	#FFFFFF	61
620	#FFFFFF	400
623	#FFFFFF	2012
624	#FFFFFF	2012
625	#FFFFFF	2012
626	#FFFDFD	4077
627	#FFFFFF	2012
628	#FFFFFF	2012
629	#FFFFFF	2012
630	#FFFFFF	2012
631	#FFFFFF	400
632	#FFFFFF	2012
633	#FFFFFF	2012
634	#FFFFFF	2012
635	#FFFFFF	2012
636	#FFFFFF	455
637	#FFFFFF	455
638	#FFFFFF	455
639	#FFFFFF	455
640	#FFFFFF	791
641	#FFFFFF	791
642	#FFFFFF	400
643	#FFFFFF	791
644	#FFFFFF	791
645	#FFFFFF	791
646	#FFFFFF	791
647	#FFFFFF	791
648	#FFFFFF	455
649	#FFFFFF	455
650	#FFFFFF	455
651	#FFFFFF	455
652	#FFFFFF	61
653	#FFFFFF	61
654	#FFFFFF	61
655	#FFFFFF	61
656	#FFFFFF	61
657	#FFFFFF	61
658	#FFFFFF	61
659	#FFFFFF	61
660	#FFFFFF	61
661	#FFFFFF	61
662	#FFFFFF	61
663	#FFFFFF	61
664	#FFFFFF	61
665	#FFFFFF	61
666	#FFFFFF	61
667	#FFFFFF	61
670	#FFFFFF	400
673	#FFFDFD	4077
674	#FFFDFD	4077
675	#FFFFFF	2012
676	#FFFDFD	4077
677	#FFFDFD	4077
678	#FFFDFD	4077
679	#FFFFFF	2012
680	#FFFFFF	2012
681	#FFFFFF	400
682	#FFFFFF	2012
683	#FFFFFF	2012
684	#FFFFFF	2012
685	#FFFFFF	2012
686	#FFFFFF	2012
687	#FFFFFF	455
688	#FFFFFF	455
689	#FFFFFF	455
690	#FFFFFF	455
691	#FFFFFF	791
692	#FFFFFF	400
693	#FFFFFF	791
694	#FFFFFF	791
695	#FFFFFF	791
696	#FFFFFF	791
697	#FFFFFF	791
698	#FFFFFF	791
699	#FFFFFF	455
700	#FFFFFF	455
701	#FFFFFF	455
702	#FFFFFF	455
703	#FFFFFF	400
704	#FFFFFF	61
705	#FFFFFF	61
706	#FFFFFF	61
707	#FFFFFF	61
708	#FFFFFF	61
709	#FFFFFF	61
710	#FFFFFF	61
711	#FFFFFF	61
712	#FFFFFF	61
713	#FFFFFF	61
714	#FFFFFF	61
715	#FFFFFF	61
716	#FFFFFF	61
717	#FFFFFF	61
721	#FFFFFF	400
723	#FFFFFF	2012
724	#FFFDFD	4077
725	#FFFDFD	4077
726	#FFFDFD	4077
727	#FFFDFD	4077
728	#FFFDFD	4077
729	#FFFDFD	4077
730	#FFFFFF	2012
731	#FFFFFF	2012
732	#FFFFFF	400
733	#FFFFFF	2012
734	#FFFFFF	2012
735	#FFFFFF	2012
736	#FFFFFF	455
737	#FFFFFF	2012
738	#FFFFFF	455
739	#FFFFFF	455
740	#FFFFFF	455
741	#FFFFFF	455
742	#FFFFFF	791
743	#FFFFFF	400
744	#FFFFFF	791
745	#FFFFFF	791
746	#FFFFFF	791
747	#FFFFFF	791
748	#FFFFFF	791
749	#FFFFFF	791
750	#FFFFFF	791
751	#FFFFFF	455
752	#FFFFFF	455
753	#FFFFFF	400
754	#FFFFFF	61
755	#FFFFFF	61
756	#FFFFFF	61
757	#FFFFFF	61
758	#FFFFFF	61
759	#FFFFFF	61
760	#FFFFFF	61
761	#FFFFFF	61
762	#FFFFFF	61
763	#FFFFFF	61
764	#FFFFFF	61
765	#FFFFFF	61
766	#FFFFFF	61
767	#FFFFFF	61
771	#FFFFFF	400
773	#FFFDFD	4077
774	#FFFFFF	2012
775	#FFFDFD	4077
776	#FFFDFD	4077
777	#FFFDFD	4077
778	#FFFFFF	2012
779	#FFFDFD	4077
780	#FFFDFD	4077
781	#FFFFFF	2012
782	#FFFFFF	400
783	#FFFFFF	2012
784	#FFFFFF	2012
785	#FFFFFF	2012
786	#FFFFFF	2012
787	#FFFFFF	455
788	#FFFFFF	455
789	#FFFFFF	455
790	#FFFFFF	455
791	#FFFFFF	791
792	#FFFFFF	455
793	#FFFFFF	400
794	#FFFFFF	791
795	#FFFFFF	791
796	#FFFFFF	791
797	#FFFFFF	791
798	#FFFFFF	791
799	#FFFFFF	791
800	#FFFFFF	791
801	#FFFFFF	791
802	#FFFFFF	455
803	#FFFFFF	455
804	#FFFFFF	400
805	#FFFFFF	61
806	#FFFFFF	61
807	#FFFFFF	61
808	#FFFFFF	61
809	#FFFFFF	61
810	#FFFFFF	400
811	#FFFFFF	400
812	#FFFFFF	61
813	#FFFFFF	509
814	#FFFFFF	509
815	#FFFFFF	61
816	#FFFFFF	61
817	#FFFFFF	61
822	#FFFFFF	400
824	#FFFDFD	4077
825	#FFFDFD	4077
826	#FFFDFD	4077
827	#FFFDFD	4077
828	#FFFDFD	4077
829	#FFFFFF	2012
830	#FFFFFF	2012
831	#FFFFFF	2012
832	#FFFFFF	2012
833	#FFFFFF	400
834	#FFFFFF	2012
835	#FFFFFF	2012
836	#FFFFFF	2012
837	#FFFFFF	2012
838	#FFFFFF	455
839	#FFFFFF	455
840	#FFFFFF	455
841	#FFFFFF	455
842	#FFFFFF	791
843	#FFFFFF	791
844	#FFFFFF	400
845	#FFFFFF	791
846	#FFFFFF	791
847	#FFFFFF	791
848	#FFFFFF	791
849	#FFFFFF	791
850	#FFFFFF	791
851	#FFFFFF	791
852	#FFFFFF	791
853	#FFFFFF	791
854	#FFFFFF	61
855	#FFFFFF	61
856	#FFFFFF	61
857	#FFFFFF	61
858	#FFFFFF	61
859	#FFFFFF	61
860	#FFFFFF	61
861	#FFFFFF	400
862	#FFFFFF	61
864	#FFFFFF	509
865	#FFFFFF	509
866	#FFFFFF	61
867	#FFFFFF	61
868	#FFFFFF	61
872	#FFFFFF	400
873	#FFFDFD	4077
874	#FFFDFD	4077
875	#FFFDFD	4077
876	#FFFFFF	2012
877	#FFFFFF	2012
878	#FFFFFF	2012
879	#FFFFFF	2012
880	#FFFFFF	2012
881	#FFFFFF	2012
882	#FFFFFF	2012
883	#FFFFFF	400
884	#FFFFFF	2012
885	#FFFFFF	2012
886	#FFFFFF	455
887	#FFFFFF	455
888	#FFFFFF	455
889	#FFFFFF	455
890	#FFFFFF	455
891	#FFFFFF	455
892	#FFFFFF	791
893	#FFFFFF	791
894	#FFFFFF	400
895	#FFFFFF	791
896	#FFFFFF	791
897	#FFFFFF	791
898	#FFFFFF	791
899	#FFFFFF	791
900	#FFFFFF	791
901	#FFFFFF	791
902	#FFFFFF	791
903	#FFFFFF	791
904	#FFFFFF	455
905	#FFFFFF	400
906	#FFFFFF	61
907	#FFFFFF	61
908	#FFFFFF	61
909	#FFFFFF	61
910	#FFFFFF	61
911	#FFFFFF	61
912	#FFFFFF	400
913	#FFFFFF	509
914	#FFFFFF	509
915	#FFFFFF	509
916	#FFFFFF	509
922	#FFFDFD	4077
923	#FFFFFF	400
924	#FFFDFD	4077
925	#FFFDFD	4077
926	#FFFDFD	4077
927	#FFFFFF	2012
928	#FFFFFF	2012
929	#FFFFFF	2012
930	#FFFFFF	2012
931	#FFFFFF	2012
932	#FFFFFF	2012
933	#FFFFFF	2012
934	#FFFFFF	400
935	#FFFFFF	2012
936	#FFFFFF	2012
937	#FFFFFF	455
938	#FFFFFF	455
939	#FFFFFF	455
940	#FFFFFF	455
941	#FFFFFF	455
942	#FFFFFF	455
943	#FFFFFF	791
944	#FFFFFF	791
945	#FFFFFF	61
946	#FFFFFF	791
947	#FFFFFF	791
948	#FFFFFF	791
949	#FFFFFF	455
950	#FFFFFF	455
951	#FFFFFF	791
952	#FFFFFF	791
953	#FFFFFF	791
954	#FFFFFF	455
955	#FFFFFF	61
956	#FFFFFF	61
957	#FFFFFF	61
958	#FFFFFF	61
959	#FFFFFF	61
960	#FFFFFF	61
961	#FFFFFF	61
962	#FFFFFF	400
963	#FFFFFF	61
964	#FFFFFF	509
965	#FFFFFF	509
966	#FFFFFF	509
972	#FFFDFD	4077
973	#FFFFFF	400
974	#FFFDFD	4077
975	#FFFDFD	4077
976	#FFFDFD	4077
977	#FFFFFF	2012
978	#FFFFFF	2012
979	#FFFFFF	2012
980	#FFFFFF	2012
981	#FFFFFF	2012
982	#FFFFFF	2012
983	#FFFFFF	2012
984	#FFFFFF	400
985	#FFFFFF	2012
986	#FFFFFF	2012
987	#FFFFFF	455
988	#FFFFFF	455
989	#FFFFFF	455
990	#FFFFFF	455
991	#FFFFFF	455
992	#FFFFFF	455
993	#FFFFFF	455
994	#FFFFFF	791
995	#FFFFFF	400
996	#FFFFFF	791
997	#FFFFFF	791
998	#FFFFFF	455
999	#FFFFFF	791
1000	#FFFFFF	455
1001	#FFFFFF	455
1002	#FFFFFF	791
1003	#FFFFFF	455
1004	#FFFFFF	455
1005	#FFFFFF	455
1006	#FFFFFF	61
1007	#FFFFFF	61
1008	#FFFFFF	61
1009	#FFFFFF	61
1010	#FFFFFF	61
1011	#FFFFFF	61
1012	#FFFFFF	400
1013	#FFFFFF	61
1014	#FFFFFF	61
1015	#FFFFFF	509
1016	#FFFFFF	509
1017	#FFFFFF	61
1022	#FFFDFD	4077
1023	#FFFDFD	4077
1024	#FFFFFF	400
1025	#FFFDFD	4077
1026	#FFFDFD	4077
1027	#FFFFFF	2012
1028	#FFFFFF	2012
1029	#FFFFFF	2012
1030	#FFFFFF	2012
1031	#FFFFFF	455
1032	#FFFFFF	2012
1033	#FFFFFF	2012
1034	#FFFFFF	2012
1035	#FFFFFF	400
1036	#FFFFFF	2012
1037	#FFFFFF	455
1038	#FFFFFF	455
1039	#FFFFFF	455
1040	#FFFFFF	455
1041	#FFFFFF	455
1042	#FFFFFF	455
1043	#FFFFFF	455
1044	#FFFFFF	455
1045	#FFFFFF	791
1046	#FFFFFF	61
1047	#FFFFFF	791
1048	#FFFFFF	455
1049	#FFFFFF	455
1050	#FFFFFF	791
1051	#FFFFFF	455
1052	#FFFFFF	791
1053	#FFFFFF	455
1054	#FFFFFF	455
1055	#FFFFFF	455
1056	#FFFFFF	61
1057	#FFFFFF	61
1058	#FFFFFF	61
1059	#FFFFFF	509
1060	#FFFFFF	61
1061	#FFFFFF	61
1062	#FFFFFF	61
1063	#FFFFFF	61
1064	#FFFFFF	61
1065	#FFFFFF	509
1066	#FFFFFF	509
1067	#FFFFFF	61
1072	#FFFFFF	61
1073	#FFFDFD	4077
1074	#FFFFFF	61
1075	#FFFDFD	4077
1076	#FFFDFD	4077
1077	#FFFFFF	2012
1078	#FFFFFF	2012
1079	#FFFFFF	2012
1080	#FFFFFF	455
1081	#FFFFFF	455
1082	#FFFFFF	2012
1083	#FFFFFF	2012
1084	#FFFFFF	2012
1085	#FFFFFF	400
1086	#FFFFFF	2012
1087	#FFFFFF	455
1088	#FFFFFF	455
1089	#FFFFFF	455
1090	#FFFFFF	455
1091	#FFFFFF	455
1092	#FFFFFF	455
1093	#FFFFFF	455
1094	#FFFFFF	455
1095	#FFFFFF	791
1096	#FFFFFF	400
1097	#FFFFFF	455
1098	#FFFFFF	791
1099	#FFFFFF	455
1100	#FFFFFF	455
1101	#FFFFFF	791
1102	#FFFFFF	455
1103	#FFFFFF	791
1104	#FFFFFF	471
1105	#FFFFFF	455
1106	#FFFFFF	471
1107	#FFFFFF	61
1108	#FFFFFF	61
1109	#FFFFFF	61
1110	#FFFFFF	61
1112	#FFFFFF	61
1113	#FFFFFF	61
1114	#FFFFFF	61
1115	#FFFFFF	509
1116	#FFFFFF	509
1117	#FFFFFF	509
1122	#FFFDFD	4077
1123	#FFFDFD	4077
1124	#FFFDFD	4077
1125	#FFFFFF	61
1126	#FFFDFD	4077
1127	#FFFFFF	2012
1128	#FFFFFF	2012
1129	#FFFFFF	2012
1130	#FFFFFF	2012
1131	#FFFFFF	455
1132	#FFFFFF	2012
1133	#FFFFFF	2012
1134	#FFFFFF	2012
1135	#FFFFFF	2012
1136	#FFFFFF	400
1137	#FFFFFF	2012
1138	#FFFFFF	455
1139	#FFFFFF	455
1140	#FFFFFF	455
1141	#FFFFFF	455
1142	#FFFFFF	455
1143	#FFFFFF	455
1144	#FFFFFF	455
1145	#FFFFFF	455
1146	#FFFFFF	791
1147	#FFFFFF	61
1148	#FFFFFF	455
1149	#FFFFFF	791
1150	#FFFFFF	455
1151	#FFFFFF	455
1152	#FFFFFF	455
1153	#FFFFFF	455
1154	#FFFFFF	455
1155	#FFFFFF	471
1156	#FFFFFF	455
1157	#FFFFFF	61
1158	#FFFFFF	61
1159	#FFFFFF	61
1160	#FFFFFF	61
1161	#FFFFFF	509
1162	#FFFFFF	61
1163	#FFFFFF	61
1164	#FFFFFF	61
1165	#FFFFFF	61
1166	#FFFFFF	61
1167	#FFFFFF	400
1168	#FFFFFF	61
1169	#FFFFFF	400
1170	#FFFFFF	61
1171	#FFFFFF	400
1172	#FFFFFF	61
1173	#FFFFFF	400
1174	#FFFFFF	61
1175	#FFFFFF	400
1176	#FFFFFF	61
1177	#FFFFFF	61
1178	#FFFFFF	61
1179	#FFFFFF	400
1180	#FFFFFF	400
1181	#FFFFFF	400
1182	#FFFFFF	400
1183	#FFFFFF	2492
1184	#FFFFFF	400
1185	#FFFFFF	400
1186	#FFFFFF	61
1187	#FFFFFF	400
1192	#FFFFFF	2012
1193	#FFFFFF	2012
1194	#FFFFFF	2012
1195	#FFFFFF	2012
1196	#FFFFFF	2012
1197	#FFFFFF	61
1198	#FFFFFF	2012
1199	#FFFFFF	2012
1200	#FFFFFF	2012
1201	#FFFFFF	2012
1202	#FFFFFF	2012
1203	#FFFFFF	2012
1204	#FFFFFF	2012
1205	#FFFFFF	2012
1206	#FFFFFF	1221
1207	#FFFFFF	2012
1208	#FFFFFF	61
1209	#FFFFFF	61
1210	#FFFFFF	61
1211	#FFFFFF	400
1212	#FFFFFF	61
1213	#FFFFFF	61
1214	#FFFFFF	61
1215	#FFFFFF	61
1216	#FFFFFF	61
1217	#FFFFFF	61
1218	#FFFFFF	61
1219	#FFFFFF	61
1220	#FFFFFF	61
1221	#FFFFFF	61
1222	#FFFFFF	400
1223	#FFFFFF	61
1224	#FFFFFF	61
1225	#FFFFFF	61
1226	#FFFFFF	400
1227	#FFFFFF	61
1228	#FFFFFF	61
1229	#FFFFFF	61
1230	#FFFFFF	400
1231	#FFFFFF	400
1232	#FFFFFF	400
1233	#FFFFFF	2492
1234	#FFFFFF	400
1235	#FFFFFF	400
1236	#FFFFFF	400
1237	#FFFFFF	61
1242	#FFFFFF	2012
1243	#FFFFFF	2012
1244	#FFFFFF	2012
1245	#FFFFFF	2012
1246	#FFFFFF	2012
1247	#FFFFFF	2012
1248	#FFFFFF	61
1249	#FFFFFF	2012
1250	#FFFFFF	2012
1251	#FFFFFF	2012
1252	#FFFFFF	2012
1253	#FFFFFF	2012
1254	#FFFFFF	2012
1255	#FFFFFF	2012
1256	#FFFFFF	2012
1257	#FFFFFF	2012
1258	#FFFFFF	61
1259	#FFFFFF	61
1260	#FFFFFF	61
1261	#FFFFFF	400
1262	#FFFFFF	61
1263	#FFFFFF	61
1264	#FFFFFF	61
1265	#FFFFFF	61
1266	#FFFFFF	509
1267	#FFFFFF	509
1268	#FFFFFF	509
1273	#FFFDFD	4077
1274	#FFFDFD	4077
1275	#FFFDFD	4077
1276	#FFFFFF	61
1277	#FFFDFD	4077
1278	#FFFDFD	4077
1279	#FFFFFF	2012
1280	#FFFFFF	455
1281	#FFFFFF	455
1282	#FFFFFF	455
1283	#FFFFFF	455
1284	#FFFFFF	2012
1285	#FFFFFF	2012
1286	#FFFFFF	2012
1287	#FFFFFF	61
1288	#FFFFFF	2012
1289	#FFFFFF	455
1290	#FFFFFF	455
1291	#FFFFFF	455
1292	#FFFFFF	455
1293	#FFFFFF	455
1294	#FFFFFF	455
1295	#FFFFFF	455
1296	#FFFFFF	455
1297	#FFFFFF	791
1298	#FFFFFF	61
1299	#FFFFFF	791
1300	#FFFFFF	455
1301	#FFFFFF	455
1302	#FFFFFF	455
1303	#FFFFFF	455
1304	#FFFFFF	455
1305	#FFFFFF	455
1306	#FFFFFF	471
1307	#FFFFFF	471
1308	#FFFFFF	471
1309	#FFFFFF	61
1310	#FFFFFF	61
1311	#FFFFFF	61
1312	#FFFFFF	61
1313	#FFFFFF	61
1314	#FFFFFF	61
1315	#FFFFFF	1222
1316	#FFFFFF	1222
1317	#FFFFFF	509
1318	#FFFFFF	509
1323	#FFFFFF	509
1324	#FFFDFD	4077
1325	#FFFDFD	4077
1326	#FFFDFD	4077
1327	#FFFFFF	61
1328	#FFFDFD	4077
1329	#FFFDFD	4077
1330	#FFFFFF	2012
1331	#FFFFFF	455
1332	#FFFFFF	455
1333	#FFFFFF	455
1334	#FFFFFF	455
1335	#FFFFFF	2012
1336	#FFFFFF	455
1337	#FFFFFF	2012
1338	#FFFFFF	61
1339	#FFFFFF	2012
1340	#FFFFFF	455
1341	#FFFFFF	455
1342	#FFFFFF	455
1343	#FFFFFF	455
1344	#FFFFFF	455
1345	#FFFFFF	455
1346	#FFFFFF	455
1347	#FFFFFF	455
1348	#FFFFFF	791
1349	#FFFFFF	61
1350	#FFFFFF	455
1351	#FFFFFF	455
1352	#FFFFFF	455
1353	#FFFFFF	455
1354	#FFFFFF	455
1355	#FFFFFF	455
1356	#FFFFFF	455
1357	#FFFFFF	455
1358	#FFFFFF	471
1359	#FFFFFF	61
1360	#FFFFFF	61
1361	#FFFFFF	61
1362	#FFFFFF	61
1363	#FFFFFF	509
1364	#FFFFFF	61
1365	#FFFFFF	61
1366	#FFFFFF	1222
1367	#FFFFFF	509
1368	#FFFFFF	509
1373	#FFFFFF	509
1374	#FFFDFD	4077
1375	#FFFDFD	4077
1376	#FFFDFD	4077
1377	#FFFFFF	1222
1378	#FFFDFD	4077
1379	#FFFDFD	4077
1380	#FFFFFF	2012
1381	#FFFFFF	455
1382	#FFFFFF	455
1383	#FFFFFF	455
1384	#FFFFFF	455
1385	#FFFFFF	455
1386	#FFFFFF	455
1387	#FFFFFF	455
1388	#FFFFFF	61
1389	#FFFFFF	2012
1390	#FFFFFF	455
1391	#FFFFFF	455
1392	#FFFFFF	455
1393	#FFFFFF	455
1394	#FFFFFF	455
1395	#FFFFFF	455
1396	#FFFFFF	455
1397	#FFFFFF	455
1398	#FFFFFF	791
1399	#FFFFFF	61
1400	#FFFFFF	791
1401	#FFFFFF	455
1402	#FFFFFF	455
1403	#FFFFFF	455
1404	#FFFFFF	455
1405	#FFFFFF	455
1406	#FFFFFF	471
1407	#FFFFFF	455
1408	#FFFFFF	471
1409	#FFFFFF	471
1410	#FFFFFF	61
1411	#FFFFFF	61
1412	#FFFFFF	61
1413	#FFFFFF	61
1414	#FFFFFF	61
1415	#FFFFFF	61
1416	#FFFFFF	1222
1417	#FFFFFF	61
1418	#FFFFFF	61
1423	#FFFFFF	509
1424	#FFFDFD	4077
1425	#FFFDFD	4077
1426	#FFFDFD	4077
1427	#FFFDFD	4077
1428	#FFFFFF	61
1429	#FFFDFD	4077
1430	#FFFDFD	4077
1431	#FFFFFF	455
1432	#FFFFFF	455
1433	#FFFFFF	455
1434	#FFFFFF	455
1435	#FFFFFF	455
1436	#FFFFFF	455
1437	#FFFFFF	455
1438	#FFFFFF	2012
1439	#FFFFFF	61
1440	#FFFFFF	2012
1441	#FFFFFF	455
1442	#FFFFFF	455
1443	#FFFFFF	455
1444	#FFFFFF	455
1445	#FFFFFF	455
1446	#FFFFFF	455
1447	#FFFFFF	455
1448	#FFFFFF	455
1449	#FFFFFF	791
1450	#FFFFFF	61
1451	#FFFFFF	455
1452	#FFFFFF	455
1453	#FFFFFF	455
1454	#FFFFFF	455
1455	#FFFFFF	471
1456	#FFFFFF	471
1457	#FFFFFF	471
1458	#FFFFFF	471
1459	#FFFFFF	471
1460	#FFFFFF	61
1461	#FFFFFF	61
1462	#FFFFFF	61
1463	#FFFFFF	61
1464	#FFFFFF	509
1465	#FFFFFF	61
1466	#FFFFFF	1222
1467	#FFFFFF	1222
1468	#FFFFFF	61
1473	#FFFFFF	509
1474	#FFFFFF	509
1475	#FFFFFF	509
1476	#FFFDFD	4077
1477	#FFFDFD	4077
1478	#FFFFFF	61
1479	#FFFDFD	4077
1480	#FFFDFD	4077
1481	#FFFDFD	4077
1482	#FFFFFF	455
1483	#FFFFFF	455
1484	#FFFFFF	455
1485	#FFFFFF	455
1486	#FFFFFF	455
1487	#FFFFFF	509
1488	#FFFFFF	455
1489	#FFFFFF	61
1490	#FFFFFF	2012
1491	#FFFFFF	455
1492	#FFFFFF	455
1493	#FFFFFF	455
1494	#FFFFFF	455
1495	#FFFFFF	455
1496	#FFFFFF	455
1497	#FFFFFF	455
1498	#FFFFFF	455
1499	#FFFFFF	791
1500	#FFFFFF	61
1501	#FFFFFF	455
1502	#FFFFFF	455
1503	#FFFFFF	455
1504	#FFFFFF	455
1505	#FFFFFF	471
1506	#FFFFFF	471
1507	#FFFFFF	471
1508	#FFFFFF	471
1509	#FFFFFF	471
1510	#FFFFFF	471
1511	#FFFFFF	61
1512	#FFFFFF	61
1513	#FFFFFF	61
1514	#FFFFFF	61
1515	#FFFFFF	61
1516	#FFFFFF	61
1517	#FFFFFF	1222
1518	#FFFFFF	61
1523	#FFFFFF	509
1524	#FFFFFF	509
1525	#FFFFFF	509
1526	#FFFDFD	4077
1527	#FFFDFD	4077
1528	#FFFDFD	4077
1529	#FFFFFF	61
1530	#FFFDFD	4077
1531	#FFFDFD	4077
1532	#FFFFFF	455
1533	#FFFFFF	455
1534	#FFFFFF	509
1535	#FFFFFF	455
1536	#FFFFFF	509
1537	#FFFFFF	509
1538	#FFFFFF	455
1539	#FFFFFF	2012
1540	#FFFFFF	61
1541	#FFFFFF	2012
1542	#FFFFFF	455
1543	#FFFFFF	455
1544	#FFFFFF	455
1545	#FFFFFF	455
1546	#FFFFFF	455
1547	#FFFFFF	455
1548	#FFFFFF	455
1549	#FFFFFF	455
1550	#FFFFFF	455
1551	#FFFFFF	61
1552	#FFFFFF	455
1553	#FFFFFF	455
1554	#FFFFFF	455
1555	#FFFFFF	455
1556	#FFFFFF	471
1557	#FFFFFF	471
1558	#FFFFFF	471
1559	#FFFFFF	471
1560	#FFFFFF	471
1561	#FFFFFF	61
1562	#FFFFFF	61
1563	#FFFFFF	61
1564	#FFFFFF	61
1565	#FFFFFF	61
1566	#FFFFFF	61
1567	#FFFFFF	1222
1568	#FFFFFF	61
1573	#FFFFFF	509
1574	#FFFFFF	509
1575	#FFFFFF	509
1576	#FFFDFD	4077
1577	#FFFDFD	4077
1578	#FFFDFD	4077
1579	#FFFFFF	61
1580	#FFFDFD	4077
1581	#FFFFFF	509
1582	#FFFFFF	455
1583	#FFFFFF	455
1584	#FFFFFF	509
1585	#FFFFFF	509
1586	#FFFFFF	455
1587	#FFFFFF	509
1588	#FFFFFF	455
1589	#FFFFFF	455
1590	#FFFFFF	61
1591	#FFFFFF	2012
1592	#FFFFFF	455
1593	#FFFFFF	455
1594	#FFFFFF	455
1595	#FFFFFF	455
1596	#FFFFFF	455
1597	#FFFFFF	455
1598	#FFFFFF	455
1599	#FFFFFF	455
1600	#FFFFFF	455
1601	#FFFFFF	61
1602	#FFFFFF	455
1603	#FFFFFF	455
1604	#FFFFFF	455
1605	#FFFFFF	455
1606	#FFFFFF	455
1607	#FFFFFF	471
1608	#FFFFFF	471
1609	#FFFFFF	471
1610	#FFFFFF	471
1611	#FFFFFF	471
1612	#FFFFFF	61
1613	#FFFFFF	61
1614	#FFFFFF	61
1615	#FFFFFF	61
1616	#FFFFFF	61
1617	#FFFFFF	1222
1618	#FFFFFF	1222
1619	#FFFFFF	61
1623	#FFFFFF	509
1624	#FFFFFF	509
1625	#FFFFFF	509
1626	#FFFFFF	509
1627	#FFFDFD	4077
1628	#FFFFFF	509
1629	#FFFFFF	509
1630	#FFFFFF	61
1631	#FFFFFF	509
1632	#FFFFFF	509
1633	#FFFFFF	509
1634	#FFFFFF	455
1635	#FFFFFF	455
1636	#FFFFFF	509
1637	#FFFFFF	509
1638	#FFFFFF	455
1639	#FFFFFF	455
1640	#FFFFFF	2012
1641	#FFFFFF	61
1642	#FFFFFF	2012
1643	#FFFFFF	455
1644	#FFFFFF	455
1645	#FFFFFF	455
1646	#FFFFFF	455
1647	#FFFFFF	455
1648	#FFFFFF	455
1649	#FFFFFF	455
1650	#FFFFFF	455
1651	#FFFFFF	455
1652	#FFFFFF	61
1653	#FFFFFF	455
1654	#FFFFFF	455
1655	#FFFFFF	455
1656	#FFFFFF	471
1657	#FFFFFF	471
1658	#FFFFFF	471
1659	#FFFFFF	455
1660	#FFFFFF	471
1661	#FFFFFF	471
1662	#FFFFFF	61
1663	#FFFFFF	61
1664	#FFFFFF	61
1665	#FFFFFF	61
1667	#FFFFFF	1222
1668	#FFFFFF	1222
1669	#FFFFFF	1222
1673	#FFFFFF	509
1674	#FFFFFF	509
1675	#FFFFFF	509
1676	#FFFFFF	509
1677	#FFFFFF	509
1678	#FFFDFD	4077
1679	#FFFFFF	509
1680	#FFFFFF	61
1681	#FFFFFF	509
1682	#FFFFFF	509
1683	#FFFFFF	509
1684	#FFFFFF	509
1685	#FFFFFF	455
1686	#FFFFFF	509
1687	#FFFFFF	509
1688	#FFFFFF	509
1689	#FFFFFF	509
1690	#FFFFFF	455
1691	#FFFFFF	61
1692	#FFFFFF	455
1693	#FFFFFF	2012
1694	#FFFFFF	455
1695	#FFFFFF	455
1696	#FFFFFF	455
1697	#FFFFFF	455
1698	#FFFFFF	455
1699	#FFFFFF	455
1700	#FFFFFF	455
1701	#FFFFFF	455
1702	#FFFFFF	61
1703	#FFFFFF	455
1704	#FFFFFF	455
1705	#FFFFFF	455
1706	#FFFFFF	471
1707	#FFFFFF	471
1708	#FFFFFF	471
1709	#FFFFFF	455
1710	#FFFFFF	471
1711	#FFFFFF	471
1712	#FFFFFF	471
1713	#FFFFFF	61
1714	#FFFFFF	61
1715	#FFFFFF	61
1716	#FFFFFF	61
1718	#FFFFFF	61
1719	#FFFFFF	61
1720	#FFFFFF	61
1723	#FFFFFF	509
1724	#FFFFFF	509
1725	#FFFFFF	509
1726	#FFFFFF	509
1727	#FFFFFF	509
1728	#FFFFFF	509
1729	#FFFFFF	509
1730	#FFFFFF	509
1731	#FFFFFF	61
1732	#FFFFFF	509
1733	#FFFFFF	509
1734	#FFFFFF	509
1735	#FFFFFF	509
1736	#FFFFFF	455
1737	#FFFFFF	509
1738	#FFFFFF	455
1739	#FFFFFF	509
1740	#FFFFFF	455
1741	#FFFFFF	455
1742	#FFFFFF	61
1743	#FFFFFF	455
1744	#FFFFFF	455
1745	#FFFFFF	455
1746	#FFFFFF	455
1747	#FFFFFF	455
1748	#FFFFFF	455
1749	#FFFFFF	455
1750	#FFFFFF	455
1751	#FFFFFF	455
1752	#FFFFFF	455
1753	#FFFFFF	61
1754	#FFFFFF	455
1755	#FFFFFF	455
1756	#FFFFFF	455
1757	#FFFFFF	471
1758	#FFFFFF	471
1759	#FFFFFF	455
1760	#FFFFFF	471
1761	#FFFFFF	455
1762	#FFFFFF	455
1763	#FFFFFF	61
1764	#FFFFFF	61
1765	#FFFFFF	61
1768	#FFFFFF	1222
1769	#FFFFFF	61
1770	#FFFFFF	61
1773	#FFFFFF	509
1774	#FFFFFF	509
1775	#FFFFFF	509
1776	#FFFFFF	509
1777	#FFFFFF	509
1778	#FFFFFF	509
1779	#FFFFFF	509
1780	#FFFFFF	509
1781	#FFFFFF	61
1782	#FFFFFF	509
1783	#FFFFFF	509
1784	#FFFFFF	509
1785	#FFFFFF	509
1786	#FFFFFF	509
1787	#FFFFFF	455
1788	#FFFFFF	509
1789	#FFFFFF	455
1790	#FFFFFF	455
1791	#FFFFFF	455
1792	#FFFFFF	61
1793	#FFFFFF	455
1794	#FFFFFF	455
1795	#FFFFFF	455
1796	#FFFFFF	455
1797	#FFFFFF	455
1798	#FFFFFF	455
1799	#FFFFFF	455
1800	#FFFFFF	471
1801	#FFFFFF	471
1802	#FFFFFF	455
1803	#FFFFFF	61
1804	#FFFFFF	455
1805	#FFFFFF	455
1806	#FFFFFF	455
1807	#FFFFFF	471
1808	#FFFFFF	471
1809	#FFFFFF	471
1810	#FFFFFF	455
1811	#FFFFFF	455
1812	#FFFFFF	455
1813	#FFFFFF	455
1814	#FFFFFF	61
1815	#FFFFFF	61
1816	#FFFFFF	61
1819	#FFFFFF	1222
1820	#FFFFFF	61
1821	#FFFFFF	61
1823	#FFFFFF	509
1824	#FFFFFF	509
1825	#FFFFFF	509
1826	#FFFFFF	509
1827	#FFFFFF	509
1828	#FFFFFF	509
1829	#FFFFFF	509
1830	#FFFFFF	509
1831	#FFFFFF	509
1832	#FFFFFF	61
1833	#FFFFFF	509
1834	#FFFFFF	509
1835	#FFFFFF	509
1836	#FFFFFF	509
1837	#FFFFFF	509
1838	#FFFFFF	509
1839	#FFFFFF	509
1840	#FFFFFF	455
1841	#FFFFFF	455
1842	#FFFFFF	455
1843	#FFFFFF	61
1844	#FFFFFF	455
1845	#FFFFFF	455
1846	#FFFFFF	455
1847	#FFFFFF	455
1848	#FFFFFF	455
1849	#FFFFFF	455
1850	#FFFFFF	455
1851	#FFFFFF	471
1852	#FFFFFF	455
1853	#FFFFFF	471
1854	#FFFFFF	61
1855	#FFFFFF	455
1856	#FFFFFF	471
1857	#FFFFFF	471
1858	#FFFFFF	471
1859	#FFFFFF	455
1860	#FFFFFF	455
1861	#FFFFFF	455
1862	#FFFFFF	455
1863	#FFFFFF	455
1864	#FFFFFF	61
1869	#FFFFFF	1222
1870	#FFFFFF	61
1871	#FFFFFF	61
1873	#FFFFFF	61
1874	#FFFFFF	509
1875	#FFFFFF	509
1876	#FFFFFF	509
1877	#FFFFFF	509
1878	#FFFFFF	509
1879	#FFFFFF	509
1880	#FFFFFF	509
1881	#FFFFFF	509
1882	#FFFFFF	61
1883	#FFFFFF	509
1884	#FFFFFF	509
1885	#FFFFFF	509
1886	#FFFFFF	509
1887	#FFFFFF	509
1888	#FFFFFF	509
1889	#FFFFFF	509
1890	#FFFFFF	509
1891	#FFFFFF	455
1892	#FFFFFF	455
1893	#FFFFFF	61
1894	#FFFFFF	455
1895	#FFFFFF	455
1896	#FFFFFF	455
1897	#FFFFFF	455
1898	#FFFFFF	455
1899	#FFFFFF	455
1900	#FFFFFF	455
1901	#FFFFFF	455
1902	#FFFFFF	471
1903	#FFFFFF	471
1904	#FFFFFF	61
1905	#FFFFFF	455
1906	#FFFFFF	471
1907	#FFFFFF	471
1908	#FFFFFF	471
1909	#FFFFFF	471
1910	#FFFFFF	455
1911	#FFFFFF	455
1912	#FFFFFF	455
1913	#FFFFFF	455
1914	#FFFFFF	455
1915	#FFFFFF	61
1920	#FFFFFF	1222
1921	#FFFFFF	61
1922	#FFFFFF	61
1924	#FFFFFF	509
1925	#FFFFFF	509
1926	#FFFFFF	509
1927	#FFFFFF	509
1928	#FFFFFF	509
1929	#FFFFFF	509
1930	#FFFFFF	509
1931	#FFFFFF	509
1932	#FFFFFF	509
1933	#FFFFFF	61
1934	#FFFFFF	509
1935	#FFFFFF	509
1936	#FFFFFF	509
1937	#FFFFFF	509
1938	#FFFFFF	509
1939	#FFFFFF	509
1940	#FFFFFF	509
1941	#FFFFFF	455
1942	#FFFFFF	455
1943	#FFFFFF	455
1945	#FFFFFF	455
1946	#FFFFFF	455
1947	#FFFFFF	455
1948	#FFFFFF	455
1949	#FFFFFF	455
1950	#FFFFFF	455
1951	#FFFFFF	455
1952	#FFFFFF	471
1953	#FFFFFF	471
1954	#FFFFFF	471
1955	#FFFFFF	61
1956	#FFFFFF	455
1957	#FFFFFF	471
1958	#FFFFFF	471
1959	#FFFFFF	471
1960	#FFFFFF	455
1961	#FFFFFF	455
1962	#FFFFFF	455
1963	#FFFFFF	455
1964	#FFFFFF	455
1970	#FFFFFF	1222
1971	#FFFFFF	1222
1972	#FFFFFF	1222
1974	#FFFFFF	61
1975	#FFFFFF	509
1976	#FFFFFF	509
1977	#FFFFFF	509
1978	#FFFFFF	509
1979	#FFFFFF	509
1980	#FFFFFF	509
1981	#FFFFFF	509
1982	#FFFFFF	509
1983	#FFFFFF	61
1984	#FFFFFF	509
1985	#FFFFFF	509
1986	#FFFFFF	509
1987	#FFFFFF	509
1988	#FFFFFF	509
1989	#FFFFFF	509
1990	#FFFFFF	509
1991	#FFFFFF	455
1992	#FFFFFF	455
1993	#FFFFFF	455
1995	#FFFFFF	455
1996	#FFFFFF	455
1997	#FFFFFF	455
1998	#FFFFFF	455
1999	#FFFFFF	455
2000	#FFFFFF	455
2001	#FFFFFF	471
2002	#FFFFFF	455
2003	#FFFFFF	455
2004	#FFFFFF	471
2005	#FFFFFF	61
2006	#FFFFFF	471
2007	#FFFFFF	471
2008	#FFFFFF	471
2009	#FFFFFF	455
2010	#FFFFFF	471
2011	#FFFFFF	455
2012	#FFFFFF	455
2013	#FFFFFF	455
2014	#FFFFFF	455
2015	#FFFFFF	455
2016	#FFFFFF	61
2021	#FFFFFF	1222
2022	#FFFFFF	1222
2023	#FFFFFF	61
2024	#FFFFFF	509
2025	#FFFFFF	509
2026	#FFFFFF	509
2027	#FFFFFF	509
2028	#FFFFFF	509
2029	#FFFFFF	509
2030	#FFFFFF	509
2031	#FFFFFF	509
2032	#FFFFFF	509
2033	#FFFFFF	509
2034	#FFFFFF	61
2035	#FFFFFF	509
2036	#FFFFFF	509
2037	#FFFFFF	509
2038	#FFFFFF	509
2039	#FFFFFF	509
2040	#FFFFFF	509
2041	#FFFFFF	455
2042	#FFFFFF	455
2043	#FFFFFF	455
2044	#FFFFFF	455
2045	#FFFFFF	61
2046	#FFFFFF	455
2047	#FFFFFF	455
2048	#FFFFFF	455
2049	#FFFFFF	455
2050	#FFFFFF	471
2051	#FFFFFF	471
2052	#FFFFFF	471
2053	#FFFFFF	455
2054	#FFFFFF	471
2055	#FFFFFF	471
2056	#FFFFFF	61
2057	#FFFFFF	471
2058	#FFFFFF	471
2059	#FFFFFF	471
2060	#FFFFFF	455
2061	#FFFFFF	455
2062	#FFFFFF	455
2063	#FFFFFF	455
2064	#FFFFFF	455
2065	#FFFFFF	455
2070	#FFFFFF	509
2071	#FFFFFF	1222
2072	#FFFFFF	1222
2073	#FFFFFF	1222
2074	#FFFFFF	509
2075	#FFFFFF	509
2076	#FFFFFF	509
2077	#FFFFFF	509
2078	#FFFFFF	509
2079	#FFFFFF	509
2080	#FFFFFF	509
2081	#FFFFFF	509
2082	#FFFFFF	509
2083	#FFFFFF	509
2084	#FFFFFF	61
2085	#FFFFFF	509
2086	#FFFFFF	509
2087	#FFFFFF	509
2088	#FFFFFF	509
2089	#FFFFFF	509
2090	#FFFFFF	509
2091	#FFFFFF	509
2092	#FFFFFF	455
2093	#FFFFFF	455
2094	#FFFFFF	455
2095	#FFFFFF	61
2096	#FFFFFF	455
2097	#FFFFFF	455
2098	#FFFFFF	455
2099	#FFFFFF	455
2100	#FFFFFF	455
2101	#FFFFFF	471
2102	#FFFFFF	471
2103	#FFFFFF	471
2104	#FFFFFF	471
2105	#FFFFFF	471
2107	#FFFFFF	471
2108	#FFFFFF	471
2109	#FFFFFF	471
2110	#FFFFFF	455
2111	#FFFFFF	455
2112	#FFFFFF	455
2113	#FFFFFF	455
2114	#FFFFFF	455
2115	#FFFFFF	455
2116	#FFFFFF	455
2121	#FFFFFF	509
2123	#FFFFFF	1222
2124	#FFFFFF	61
2125	#FFFFFF	509
2126	#FFFFFF	509
2127	#FFFFFF	509
2128	#FFFFFF	509
2129	#FFFFFF	509
2130	#FFFFFF	509
2131	#FFFFFF	509
2132	#FFFFFF	509
2133	#FFFFFF	509
2134	#FFFFFF	509
2135	#FFFFFF	1222
2136	#FFFFFF	509
2137	#FFFFFF	455
2138	#FFFFFF	509
2139	#FFFFFF	509
2140	#FFFFFF	509
2141	#FFFFFF	509
2142	#FFFFFF	455
2143	#FFFFFF	455
2144	#FFFFFF	455
2145	#FFFFFF	455
2146	#FFFFFF	61
2147	#FFFFFF	455
2148	#FFFFFF	455
2149	#FFFFFF	455
2151	#FFFFFF	471
2152	#FFFFFF	471
2153	#FFFFFF	471
2154	#FFFFFF	471
2155	#FFFFFF	471
2156	#FFFFFF	471
2158	#FFFFFF	471
2159	#FFFFFF	471
2160	#FFFFFF	455
2161	#FFFFFF	471
2162	#FFFFFF	455
2163	#FFFFFF	455
2164	#FFFFFF	455
2165	#FFFFFF	455
2166	#FFFFFF	455
2170	#FFFFFF	509
2171	#FFFFFF	509
2172	#FFFFFF	1833
2174	#FFFFFF	1222
2175	#FFFFFF	509
2176	#FFFFFF	509
2177	#FFFFFF	509
2178	#FFFFFF	509
2179	#FFFFFF	509
2180	#FFFFFF	509
2181	#FFFFFF	509
2182	#FFFFFF	509
2183	#FFFFFF	509
2184	#FFFFFF	509
2185	#FFFFFF	1222
2186	#FFFFFF	509
2187	#FFFFFF	455
2188	#FFFFFF	509
2189	#FFFFFF	455
2190	#FFFFFF	509
2191	#FFFFFF	509
2192	#FFFFFF	455
2193	#FFFFFF	455
2194	#FFFFFF	455
2195	#FFFFFF	455
2196	#FFFFFF	61
2197	#FFFFFF	455
2198	#FFFFFF	455
2199	#FFFFFF	455
2201	#FFFFFF	471
2202	#FFFFFF	471
2203	#FFFFFF	471
2204	#FFFFFF	471
2205	#FFFFFF	471
2206	#FFFFFF	471
2208	#FFFFFF	471
2209	#FFFFFF	471
2210	#FFFFFF	471
2211	#FFFFFF	471
2212	#FFFFFF	471
2213	#FFFFFF	471
2214	#FFFFFF	455
2215	#FFFFFF	455
2216	#FFFFFF	455
2217	#FFFFFF	455
2221	#FFFFFF	61
2222	#FFFFFF	61
2223	#FFFFFF	1833
2224	#FFFFFF	1222
2225	#FFFFFF	1222
2226	#FFFFFF	509
2227	#FFFFFF	509
2228	#FFFFFF	509
2229	#FFFFFF	509
2230	#FFFFFF	509
2231	#FFFFFF	509
2232	#FFFFFF	509
2233	#FFFFFF	509
2234	#FFFFFF	509
2235	#FFFFFF	509
2236	#FFFFFF	61
2237	#FFFFFF	455
2238	#FFFFFF	509
2239	#FFFFFF	455
2240	#FFFFFF	509
2242	#FFFFFF	509
2243	#FFFFFF	455
2244	#FFFFFF	455
2245	#FFFFFF	455
2246	#FFFFFF	455
2248	#FFFFFF	455
2249	#FFFFFF	455
2250	#FFFFFF	455
2251	#FFFFFF	455
2252	#FFFFFF	455
2253	#FFFFFF	471
2254	#FFFFFF	471
2255	#FFFFFF	471
2256	#FFFFFF	471
2257	#FFFFFF	471
2259	#FFFFFF	471
2260	#FFFFFF	471
2261	#FFFFFF	471
2262	#FFFFFF	471
2263	#FFFFFF	471
2264	#FFFFFF	455
2265	#FFFFFF	455
2266	#FFFFFF	455
2267	#FFFFFF	455
2270	#FFFFFF	61
2271	#FFFFFF	61
2272	#FFFFFF	509
2273	#FFFFFF	61
2274	#FFFFFF	61
2275	#FFFFFF	61
2276	#FFFFFF	61
2277	#FFFFFF	61
2278	#FFFFFF	61
2279	#FFFFFF	61
2280	#FFFFFF	61
2281	#FFFFFF	61
2282	#FFFFFF	61
2283	#FFFFFF	61
2284	#FFFFFF	61
2285	#FFFFFF	61
2286	#FFFFFF	400
2287	#FFFFFF	61
2288	#FFFFFF	61
2289	#FFFFFF	61
2290	#FFFFFF	61
2291	#FFFFFF	400
2292	#FFFFFF	400
2294	#FFFFFF	2492
2295	#FFFFFF	400
2296	#FFFFFF	400
2297	#FFFFFF	400
2302	#FFFFFF	400
2303	#FFFFFF	2012
2304	#FFFFFF	2012
2305	#FFFFFF	2012
2306	#FFFFFF	2012
2307	#FFFFFF	2012
2308	#FFFFFF	61
2309	#FFFFFF	2012
2310	#FFFFFF	2012
2311	#FFFFFF	2012
2312	#FFFFFF	2012
2313	#FFFFFF	2012
2314	#FFFFFF	2012
2315	#FFFFFF	2012
2316	#FFFFFF	2012
2317	#FFFFFF	2012
2318	#FFFFFF	2012
2319	#FFFFFF	61
2320	#FFFFFF	61
2321	#FFFFFF	61
2322	#FFFFFF	400
2323	#FFFFFF	61
2324	#FFFFFF	61
2325	#FFFFFF	400
2326	#FFFFFF	400
2327	#FFFFFF	61
2328	#FFFFFF	61
2329	#FFFFFF	61
2330	#FFFFFF	61
2331	#FFFFFF	61
2332	#FFFFFF	61
2333	#FFFFFF	61
2334	#FFFFFF	61
2335	#FFFFFF	61
2336	#FFFFFF	61
2337	#FFFFFF	400
2338	#FFFFFF	61
2339	#FFFFFF	61
2340	#FFFFFF	61
2341	#FFFFFF	400
2342	#FFFFFF	400
2343	#FFFFFF	400
2344	#FFFFFF	2492
2345	#FFFFFF	400
2346	#FFFFFF	400
2348	#FFFFFF	400
2352	#FFFFFF	400
2353	#FFFFFF	2012
2354	#FFFFFF	2012
2355	#FFFFFF	2012
2356	#FFFFFF	2012
2357	#FFFFFF	2012
2358	#FFFFFF	2012
2359	#FFFFFF	61
2360	#FFFFFF	2012
2361	#FFFFFF	2012
2362	#FFFFFF	2012
2363	#FFFFFF	2012
2364	#FFFFFF	2012
2365	#FFFFFF	2012
2366	#FFFFFF	2012
2367	#FFFFFF	2012
2368	#FFFFFF	2012
2369	#FFFFFF	61
2370	#FFFFFF	61
2371	#FFFFFF	400
2372	#FFFFFF	61
2373	#FFFFFF	61
2374	#FFFFFF	1833
2375	#FFFFFF	1222
2376	#FFFFFF	1222
2377	#FFFFFF	509
2378	#FFFFFF	509
2379	#FFFFFF	509
2380	#FFFFFF	509
2381	#FFFFFF	509
2382	#FFFFFF	509
2383	#FFFFFF	509
2384	#FFFFFF	509
2385	#FFFFFF	509
2386	#FFFFFF	509
2387	#FFFFFF	1222
2388	#FFFFFF	455
2389	#FFFFFF	509
2390	#FFFFFF	455
2391	#FFFFFF	509
2392	#FFFFFF	509
2393	#FFFFFF	509
2394	#FFFFFF	509
2395	#FFFFFF	455
2396	#FFFFFF	455
2397	#FFFFFF	455
2399	#FFFFFF	455
2400	#FFFFFF	455
2401	#FFFFFF	455
2402	#FFFFFF	455
2403	#FFFFFF	455
2404	#FFFFFF	455
2405	#FFFFFF	455
2406	#FFFFFF	471
2407	#FFFFFF	455
2408	#FFFFFF	471
2410	#FFFFFF	471
2411	#FFFFFF	471
2412	#FFFFFF	471
2413	#FFFFFF	471
2414	#FFFFFF	471
2415	#FFFFFF	455
2416	#FFFFFF	471
2417	#FFFFFF	471
2418	#FFFFFF	455
2419	#FFFFFF	455
2422	#FFFFFF	61
2423	#FFFFFF	509
2424	#FFFFFF	61
2425	#FFFFFF	1833
2426	#FFFFFF	1833
2427	#FFFFFF	1222
2428	#FFFFFF	509
2429	#FFFFFF	509
2430	#FFFFFF	509
2431	#FFFFFF	509
2432	#FFFFFF	455
2433	#FFFFFF	509
2434	#FFFFFF	509
2435	#FFFFFF	509
2436	#FFFFFF	509
2437	#FFFFFF	455
2439	#FFFFFF	455
2440	#FFFFFF	455
2441	#FFFFFF	455
2442	#FFFFFF	509
2443	#FFFFFF	509
2444	#FFFFFF	509
2445	#FFFFFF	509
2446	#FFFFFF	455
2447	#FFFFFF	455
2448	#FFFFFF	455
2450	#FFFFFF	455
2451	#FFFFFF	455
2452	#FFFFFF	455
2453	#FFFFFF	455
2454	#FFFFFF	455
2455	#FFFFFF	455
2456	#FFFFFF	455
2457	#FFFFFF	455
2458	#FFFFFF	455
2459	#FFFFFF	471
2461	#FFFFFF	471
2462	#FFFFFF	471
2463	#FFFFFF	471
2464	#FFFFFF	471
2465	#FFFFFF	455
2466	#FFFFFF	471
2467	#FFFFFF	471
2468	#FFFFFF	455
2469	#FFFFFF	455
2471	#FFFFFF	61
2472	#FFFFFF	509
2473	#FFFFFF	509
2474	#FFFFFF	509
2475	#FFFFFF	1833
2476	#FFFFFF	1833
2477	#FFFFFF	1222
2478	#FFFFFF	509
2479	#FFFFFF	509
2480	#FFFFFF	509
2481	#FFFFFF	509
2482	#FFFFFF	455
2483	#FFFFFF	509
2484	#FFFFFF	455
2485	#FFFFFF	509
2486	#FFFFFF	509
2487	#FFFFFF	455
2489	#FFFFFF	455
2490	#FFFFFF	455
2491	#FFFFFF	455
2492	#FFFFFF	509
2493	#FFFFFF	509
2494	#FFFFFF	509
2495	#FFFFFF	455
2496	#FFFFFF	455
2497	#FFFFFF	455
2498	#FFFFFF	455
2500	#FFFFFF	455
2501	#FFFFFF	455
2502	#FFFFFF	455
2503	#FFFFFF	455
2504	#FFFFFF	455
2505	#FFFFFF	455
2506	#FFFFFF	455
2507	#FFFFFF	455
2508	#FFFFFF	455
2509	#FFFFFF	471
2511	#FFFFFF	471
2512	#FFFFFF	455
2513	#FFFFFF	471
2514	#FFFFFF	471
2515	#FFFFFF	471
2516	#FFFFFF	471
2517	#FFFFFF	471
2518	#FFFFFF	471
2519	#FFFFFF	455
2520	#FFFFFF	455
2522	#FFFFFF	61
2523	#FFFFFF	509
2524	#FFFFFF	509
2525	#FFFFFF	509
2526	#FFFFFF	1833
2527	#FFFFFF	1833
2529	#FFFFFF	509
2530	#FFFFFF	509
2531	#FFFFFF	509
2532	#FFFFFF	455
2533	#FFFFFF	455
2534	#FFFFFF	509
2535	#FFFFFF	455
2536	#FFFFFF	455
2537	#FFFFFF	455
2538	#FFFFFF	455
2540	#FFFFFF	455
2541	#FFFFFF	455
2542	#FFFFFF	509
2543	#FFFFFF	509
2544	#FFFFFF	455
2545	#FFFFFF	455
2546	#FFFFFF	455
2547	#FFFFFF	455
2548	#FFFFFF	455
2549	#FFFFFF	455
2551	#FFFFFF	455
2552	#FFFFFF	455
2553	#FFFFFF	455
2554	#FFFFFF	455
2555	#FFFFFF	455
2556	#FFFFFF	455
2557	#FFFFFF	455
2558	#FFFFFF	455
2559	#FFFFFF	471
2560	#FFFFFF	471
2562	#FFFFFF	455
2563	#FFFFFF	455
2564	#FFFFFF	471
2565	#FFFFFF	471
2566	#FFFFFF	471
2567	#FFFFFF	471
2568	#FFFFFF	471
2569	#FFFFFF	471
2570	#FFFFFF	471
2571	#FFFFFF	61
2572	#FFFFFF	509
2573	#FFFFFF	509
2574	#FFFFFF	509
2575	#FFFFFF	509
2576	#FFFFFF	1833
2579	#FFFFFF	509
2580	#FFFFFF	509
2581	#FFFFFF	509
2582	#FFFFFF	455
2583	#FFFFFF	455
2584	#FFFFFF	455
2585	#FFFFFF	509
2586	#FFFFFF	455
2587	#FFFFFF	455
2588	#FFFFFF	455
2590	#FFFFFF	455
2591	#FFFFFF	455
2592	#FFFFFF	455
2593	#FFFFFF	509
2594	#FFFFFF	509
2595	#FFFFFF	455
2596	#FFFFFF	455
2597	#FFFFFF	455
2598	#FFFFFF	455
2599	#FFFFFF	455
2601	#FFFFFF	455
2602	#FFFFFF	455
2603	#FFFFFF	455
2604	#FFFFFF	455
2605	#FFFFFF	3462
2606	#FFFFFF	455
2607	#FFFFFF	455
2608	#FFFFFF	455
2609	#FFFFFF	455
2610	#FFFFFF	471
2612	#FFFFFF	455
2613	#FFFFFF	471
2614	#FFFFFF	471
2615	#FFFFFF	471
2616	#FFFFFF	471
2617	#FFFFFF	471
2618	#FFFFFF	471
2619	#FFFFFF	471
2620	#FFFFFF	471
2621	#FFFFFF	455
2622	#FFFFFF	61
2623	#FFFFFF	509
2624	#FFFFFF	509
2625	#FFFFFF	509
2626	#FFFFFF	509
2627	#FFFFFF	509
2630	#FFFFFF	455
2631	#FFFFFF	509
2632	#FFFFFF	455
2633	#FFFFFF	455
2634	#FFFFFF	455
2635	#FFFFFF	455
2636	#FFFFFF	455
2637	#FFFFFF	455
2638	#FFFFFF	455
2639	#FFFFFF	455
2641	#FFFFFF	455
2642	#FFFFFF	455
2643	#FFFFFF	455
2644	#FFFFFF	455
2645	#FFFFFF	455
2646	#FFFFFF	455
2647	#FFFFFF	455
2648	#FFFFFF	455
2649	#FFFFFF	455
2650	#FFFFFF	455
2652	#FFFFFF	455
2653	#FFFFFF	455
2654	#FFFFFF	455
2655	#FFFFFF	455
2656	#FFFFFF	3462
2657	#FFFFFF	3462
2658	#FFFFFF	455
2659	#FFFFFF	455
2660	#FFFFFF	455
2661	#FFFFFF	455
2662	#FFFFFF	61
2663	#FFFFFF	455
2664	#FFFFFF	471
2665	#FFFFFF	471
2666	#FFFFFF	471
2667	#FFFFFF	471
2668	#FFFFFF	471
2669	#FFFFFF	471
2670	#FFFFFF	471
2671	#FFFFFF	455
2672	#FFFFFF	509
2673	#FFFFFF	509
2674	#FFFFFF	509
2675	#FFFFFF	455
2676	#FFFFFF	455
2677	#FFFFFF	509
2680	#FFFFFF	455
2681	#FFFFFF	455
2682	#FFFFFF	455
2683	#FFFFFF	455
2684	#FFFFFF	455
2685	#FFFFFF	455
2686	#FFFFFF	455
2687	#FFFFFF	455
2688	#FFFFFF	455
2689	#FFFFFF	455
2691	#FFFFFF	455
2692	#FFFFFF	455
2693	#FFFFFF	455
2694	#FFFFFF	455
2695	#FFFFFF	455
2696	#FFFFFF	455
2697	#FFFFFF	455
2698	#FFFFFF	455
2699	#FFFFFF	455
2700	#FFFFFF	455
2702	#FFFFFF	455
2703	#FFFFFF	455
2704	#FFFFFF	455
2705	#FFFFFF	455
2706	#FFFFFF	455
2707	#FFFFFF	3462
2708	#FFFFFF	455
2709	#FFFFFF	455
2710	#FFFFFF	455
2711	#FFFFFF	455
2712	#FFFFFF	61
2713	#FFFFFF	455
2714	#FFFFFF	455
2715	#FFFFFF	471
2716	#FFFFFF	471
2717	#FFFFFF	471
2718	#FFFFFF	455
2719	#FFFFFF	471
2720	#FFFFFF	471
2721	#FFFFFF	471
2722	#FFFFFF	455
2723	#FFFFFF	61
2724	#FFFFFF	509
2725	#FFFFFF	509
2726	#FFFFFF	455
2727	#FFFFFF	455
2731	#FFFFFF	455
2732	#FFFFFF	455
2733	#FFFFFF	455
2734	#FFFFFF	455
2735	#FFFFFF	455
2736	#FFFFFF	455
2737	#FFFFFF	455
2738	#FFFFFF	455
2739	#FFFFFF	455
2740	#FFFFFF	455
2742	#FFFFFF	455
2743	#FFFFFF	455
2744	#FFFFFF	455
2745	#FFFFFF	455
2746	#FFFFFF	455
2747	#FFFFFF	455
2748	#FFFFFF	455
2749	#FFFFFF	455
2750	#FFFFFF	455
2751	#FFFFFF	455
2752	#FFFFFF	61
2753	#FFFFFF	455
2754	#FFFFFF	455
2755	#FFFFFF	455
2756	#FFFFFF	455
2757	#FFFFFF	3462
2758	#FFFFFF	3462
2759	#FFFFFF	455
2760	#FFFFFF	455
2761	#FFFFFF	455
2762	#FFFFFF	455
2763	#FFFFFF	61
2764	#FFFFFF	455
2765	#FFFFFF	471
2766	#FFFFFF	471
2767	#FFFFFF	471
2768	#FFFFFF	471
2769	#FFFFFF	455
2770	#FFFFFF	471
2771	#FFFFFF	455
2772	#FFFFFF	471
2773	#FFFFFF	61
2774	#FFFFFF	509
2775	#FFFFFF	509
2776	#FFFFFF	455
2777	#FFFFFF	455
2781	#FFFFFF	455
2782	#FFFFFF	455
2783	#FFFFFF	455
2784	#FFFFFF	455
2785	#FFFFFF	455
2786	#FFFFFF	455
2787	#FFFFFF	455
2788	#FFFFFF	455
2789	#FFFFFF	455
2790	#FFFFFF	455
2792	#FFFFFF	455
2793	#FFFFFF	455
2794	#FFFFFF	455
2795	#FFFFFF	455
2796	#FFFFFF	455
2797	#FFFFFF	455
2798	#FFFFFF	455
2799	#FFFFFF	455
2800	#FFFFFF	455
2801	#FFFFFF	455
2802	#FFFFFF	509
2803	#FFFFFF	455
2804	#FFFFFF	455
2805	#FFFFFF	455
2806	#FFFFFF	455
2807	#FFFFFF	455
2808	#FFFFFF	3462
2809	#FFFFFF	3462
2810	#FFFFFF	455
2811	#FFFFFF	455
2812	#FFFFFF	455
2813	#FFFFFF	61
2814	#FFFFFF	455
2815	#FFFFFF	455
2816	#FFFFFF	471
2817	#FFFFFF	471
2818	#FFFFFF	471
2819	#FFFFFF	471
2820	#FFFFFF	455
2821	#FFFFFF	455
2822	#FFFFFF	471
2823	#FFFFFF	471
2824	#FFFFFF	509
2825	#FFFFFF	509
2826	#FFFFFF	509
2827	#FFFFFF	509
2828	#FFFFFF	455
2832	#FFFFFF	455
2833	#FFFFFF	455
2834	#FFFFFF	455
2835	#FFFFFF	455
2836	#FFFFFF	455
2837	#FFFFFF	455
2838	#FFFFFF	455
2839	#FFFFFF	455
2840	#FFFFFF	455
2841	#FFFFFF	455
2843	#FFFFFF	455
2844	#FFFFFF	455
2845	#FFFFFF	455
2846	#FFFFFF	455
2847	#FFFFFF	455
2848	#FFFFFF	455
2849	#FFFFFF	455
2850	#FFFFFF	455
2851	#FFFFFF	455
2852	#FFFFFF	455
2853	#FFFFFF	509
2854	#FFFFFF	455
2855	#FFFFFF	455
2856	#FFFFFF	455
2857	#FFFFFF	3462
2858	#FFFFFF	3462
2859	#FFFFFF	3462
2860	#FFFFFF	3462
2861	#FFFFFF	455
2862	#FFFFFF	455
2863	#FFFFFF	455
2864	#FFFFFF	509
2865	#FFFFFF	455
2866	#FFFFFF	471
2867	#FFFFFF	471
2868	#FFFFFF	471
2869	#FFFFFF	471
2870	#FFFFFF	471
2871	#FFFFFF	455
2872	#FFFFFF	455
2873	#FFFFFF	471
2874	#FFFFFF	509
2875	#FFFFFF	509
2876	#FFFFFF	509
2877	#FFFFFF	455
2878	#FFFFFF	455
2882	#FFFFFF	455
2883	#FFFFFF	455
2884	#FFFFFF	455
2885	#FFFFFF	455
2886	#FFFFFF	455
2887	#FFFFFF	455
2888	#FFFFFF	455
2889	#FFFFFF	455
2890	#FFFFFF	455
2891	#FFFFFF	455
2892	#FFFFFF	509
2893	#FFFFFF	455
2894	#FFFFFF	455
2895	#FFFFFF	455
2896	#FFFFFF	455
2897	#FFFFFF	455
2898	#FFFFFF	455
2899	#FFFFFF	455
2900	#FFFFFF	455
2901	#FFFFFF	455
2902	#FFFFFF	455
2903	#FFFFFF	509
2904	#FFFFFF	455
2905	#FFFFFF	455
2906	#FFFFFF	455
2907	#FFFFFF	455
2908	#FFFFFF	3462
2909	#FFFFFF	455
2910	#FFFFFF	455
2911	#FFFFFF	455
2912	#FFFFFF	455
2913	#FFFFFF	455
2914	#FFFFFF	509
2915	#FFFFFF	455
2916	#FFFFFF	455
2917	#FFFFFF	455
2918	#FFFFFF	471
2919	#FFFFFF	471
2920	#FFFFFF	455
2921	#FFFFFF	455
2922	#FFFFFF	455
2923	#FFFFFF	455
2924	#FFFFFF	455
2925	#FFFFFF	509
2926	#FFFFFF	509
2927	#FFFFFF	509
2928	#FFFFFF	509
2929	#FFFFFF	455
2932	#FFFFFF	509
2933	#FFFFFF	455
2934	#FFFFFF	455
2935	#FFFFFF	455
2936	#FFFFFF	455
2937	#FFFFFF	455
2938	#FFFFFF	455
2939	#FFFFFF	455
2940	#FFFFFF	455
2941	#FFFFFF	455
2942	#FFFFFF	455
2943	#FFFFFF	509
2944	#FFFFFF	455
2945	#FFFFFF	455
2946	#FFFFFF	455
2947	#FFFFFF	455
2948	#FFFFFF	455
2949	#FFFFFF	455
2950	#FFFFFF	455
2951	#FFFFFF	455
2952	#FFFFFF	455
2953	#FFFFFF	455
2954	#FFFFFF	509
2955	#FFFFFF	455
2956	#FFFFFF	455
2957	#FFFFFF	455
2958	#FFFFFF	3462
2959	#FFFFFF	3462
2960	#FFFFFF	455
2961	#FFFFFF	455
2962	#FFFFFF	455
2963	#FFFFFF	455
2964	#FFFFFF	455
2965	#FFFFFF	509
2966	#FFFFFF	455
2967	#FFFFFF	455
2968	#FFFFFF	471
2969	#FFFFFF	455
2970	#FFFFFF	455
2971	#FFFFFF	455
2972	#FFFFFF	455
2973	#FFFFFF	455
2974	#FFFFFF	455
2975	#FFFFFF	509
2976	#FFFFFF	509
2977	#FFFFFF	509
2978	#FFFFFF	455
2979	#FFFFFF	455
2982	#FFFFFF	509
2983	#FFFFFF	455
2984	#FFFFFF	455
2985	#FFFFFF	455
2986	#FFFFFF	455
2987	#FFFFFF	455
2988	#FFFFFF	455
2989	#FFFFFF	455
2990	#FFFFFF	455
2991	#FFFFFF	455
2992	#FFFFFF	455
2993	#FFFFFF	509
2994	#FFFFFF	455
2995	#FFFFFF	455
2996	#FFFFFF	455
2997	#FFFFFF	455
2998	#FFFFFF	455
2999	#FFFFFF	455
3000	#FFFFFF	455
3001	#FFFFFF	455
3002	#FFFFFF	455
3003	#FFFFFF	455
3004	#FFFFFF	509
3005	#FFFFFF	455
3006	#FFFFFF	455
3007	#FFFFFF	455
3008	#FFFFFF	455
3009	#FFFFFF	3462
3010	#FFFFFF	455
3011	#FFFFFF	455
3012	#FFFFFF	455
3013	#FFFFFF	455
3014	#FFFFFF	455
3015	#FFFFFF	509
3016	#FFFFFF	455
3017	#FFFFFF	455
3018	#FFFFFF	455
3019	#FFFFFF	455
3020	#FFFFFF	455
3021	#FFFFFF	455
3022	#FFFFFF	455
3023	#FFFFFF	455
3024	#FFFFFF	455
3025	#FFFFFF	455
3026	#FFFFFF	509
3027	#FFFFFF	509
3028	#FFFFFF	509
3029	#FFFFFF	455
3030	#FFFFFF	455
3033	#FFFFFF	509
3034	#FFFFFF	455
3035	#FFFFFF	509
3036	#FFFFFF	455
3037	#FFFFFF	455
3039	#FFFFFF	455
3040	#FFFFFF	455
3041	#FFFFFF	455
3042	#FFFFFF	455
3043	#FFFFFF	455
3044	#FFFFFF	509
3045	#FFFFFF	455
3046	#FFFFFF	455
3047	#FFFFFF	455
3048	#FFFFFF	455
3049	#FFFFFF	455
3050	#FFFFFF	455
3051	#FFFFFF	455
3052	#FFFFFF	455
3053	#FFFFFF	455
3054	#FFFFFF	455
3055	#FFFFFF	509
3056	#FFFFFF	455
3057	#FFFFFF	455
3058	#FFFFFF	455
3059	#FFFFFF	455
3060	#FFFFFF	3462
3061	#FFFFFF	455
3062	#FFFFFF	3462
3063	#FFFFFF	455
3064	#FFFFFF	455
3065	#FFFFFF	455
3066	#FFFFFF	509
3067	#FFFFFF	455
3068	#FFFFFF	455
3069	#FFFFFF	455
3070	#FFFFFF	455
3071	#FFFFFF	455
3072	#FFFFFF	455
3073	#FFFFFF	455
3074	#FFFFFF	455
3075	#FFFFFF	455
3076	#FFFFFF	509
3077	#FFFFFF	509
3078	#FFFFFF	455
3079	#FFFFFF	455
3080	#FFFFFF	455
3083	#FFFFFF	509
3084	#FFFFFF	455
3085	#FFFFFF	455
3086	#FFFFFF	509
3087	#FFFFFF	509
3088	#FFFFFF	455
3089	#FFFFFF	455
3090	#FFFFFF	455
3091	#FFFFFF	455
3092	#FFFFFF	455
3093	#FFFFFF	455
3094	#FFFFFF	509
3095	#FFFFFF	455
3096	#FFFFFF	455
3097	#FFFFFF	455
3098	#FFFFFF	455
3099	#FFFFFF	455
3100	#FFFFFF	455
3101	#FFFFFF	455
3102	#FFFFFF	455
3103	#FFFFFF	455
3104	#FFFFFF	455
3105	#FFFFFF	509
3106	#FFFFFF	455
3107	#FFFFFF	455
3108	#FFFFFF	455
3109	#FFFFFF	3462
3110	#FFFFFF	3462
3111	#FFFFFF	3462
3112	#FFFFFF	3462
3113	#FFFFFF	455
3114	#FFFFFF	455
3115	#FFFFFF	455
3116	#FFFFFF	509
3117	#FFFFFF	455
3118	#FFFFFF	455
3119	#FFFFFF	455
3120	#FFFFFF	455
3121	#FFFFFF	455
3122	#FFFFFF	455
3123	#FFFFFF	455
3124	#FFFFFF	455
3125	#FFFFFF	455
3126	#FFFFFF	455
3127	#FFFFFF	509
3128	#FFFFFF	509
3129	#FFFFFF	455
3130	#FFFFFF	509
3131	#FFFFFF	509
3132	#FFFFFF	1833
3133	#FFFFFF	509
3134	#FFFFFF	509
3135	#FFFFFF	509
3136	#FFFFFF	455
3137	#FFFFFF	509
3138	#FFFFFF	455
3139	#FFFFFF	455
3140	#FFFFFF	455
3141	#FFFFFF	455
3142	#FFFFFF	455
3143	#FFFFFF	455
3144	#FFFFFF	455
3145	#FFFFFF	509
3146	#FFFFFF	455
3147	#FFFFFF	455
3148	#FFFFFF	455
3149	#FFFFFF	455
3150	#FFFFFF	455
3151	#FFFFFF	455
3152	#FFFFFF	455
3153	#FFFFFF	455
3154	#FFFFFF	455
3155	#FFFFFF	455
3156	#FFFFFF	509
3157	#FFFFFF	455
3158	#FFFFFF	455
3159	#FFFFFF	455
3160	#FFFFFF	3462
3161	#FFFFFF	3462
3162	#FFFFFF	3462
3163	#FFFFFF	455
3164	#FFFFFF	455
3165	#FFFFFF	455
3166	#FFFFFF	455
3167	#FFFFFF	509
3168	#FFFFFF	455
3169	#FFFFFF	455
3170	#FFFFFF	455
3171	#FFFFFF	455
3172	#FFFFFF	455
3173	#FFFFFF	455
3174	#FFFFFF	455
3175	#FFFFFF	455
3176	#FFFFFF	455
3177	#FFFFFF	509
3178	#FFFFFF	509
3179	#FFFFFF	509
3180	#FFFFFF	509
3181	#FFFFFF	509
3182	#FFFFFF	1833
3183	#FFFFFF	509
3184	#FFFFFF	509
3185	#FFFFFF	509
3186	#FFFFFF	455
3187	#FFFFFF	455
3188	#FFFFFF	509
3189	#FFFFFF	455
3190	#FFFFFF	455
3191	#FFFFFF	455
3192	#FFFFFF	455
3193	#FFFFFF	455
3194	#FFFFFF	455
3195	#FFFFFF	509
3196	#FFFFFF	455
3197	#FFFFFF	455
3198	#FFFFFF	455
3199	#FFFFFF	455
3200	#FFFFFF	455
3201	#FFFFFF	455
3202	#FFFFFF	455
3203	#FFFFFF	455
3204	#FFFFFF	455
3205	#FFFFFF	455
3206	#FFFFFF	509
3207	#FFFFFF	455
3208	#FFFFFF	455
3209	#FFFFFF	455
3210	#FFFFFF	455
3211	#FFFFFF	3462
3212	#FFFFFF	3462
3213	#FFFFFF	455
3214	#FFFFFF	455
3215	#FFFFFF	455
3216	#FFFFFF	455
3217	#FFFFFF	509
3218	#FFFFFF	455
3219	#FFFFFF	455
3220	#FFFFFF	455
3221	#FFFFFF	455
3222	#FFFFFF	455
3223	#FFFFFF	455
3224	#FFFFFF	455
3225	#FFFFFF	455
3226	#FFFFFF	455
3227	#FFFFFF	455
3228	#FFFFFF	509
3229	#FFFFFF	509
3230	#FFFFFF	509
3231	#FFFFFF	509
3232	#FFFFFF	509
3233	#FFFFFF	509
3234	#FFFFFF	509
3235	#FFFFFF	509
3236	#FFFFFF	509
3238	#FFFFFF	509
3239	#FFFFFF	509
3240	#FFFFFF	455
3241	#FFFFFF	455
3242	#FFFFFF	455
3243	#FFFFFF	455
3244	#FFFFFF	455
3245	#FFFFFF	455
3246	#FFFFFF	509
3247	#FFFFFF	455
3248	#FFFFFF	455
3249	#FFFFFF	455
3250	#FFFFFF	455
3251	#FFFFFF	455
3252	#FFFFFF	455
3253	#FFFFFF	455
3254	#FFFFFF	455
3255	#FFFFFF	455
3256	#FFFFFF	455
3257	#FFFFFF	509
3258	#FFFFFF	455
3259	#FFFFFF	455
3260	#FFFFFF	455
3261	#FFFFFF	3462
3262	#FFFFFF	3462
3263	#FFFFFF	455
3264	#FFFFFF	455
3265	#FFFFFF	455
3266	#FFFFFF	455
3267	#FFFFFF	455
3268	#FFFFFF	509
3269	#FFFFFF	455
3270	#FFFFFF	455
3271	#FFFFFF	455
3272	#FFFFFF	455
3273	#FFFFFF	455
3274	#FFFFFF	455
3275	#FFFFFF	455
3276	#FFFFFF	455
3277	#FFFFFF	455
3278	#FFFFFF	509
3279	#FFFFFF	455
3280	#FFFFFF	509
3281	#FFFFFF	509
3282	#FFFFFF	509
3283	#FFFFFF	509
3284	#FFFFFF	509
3285	#FFFFFF	509
3286	#FFFFFF	455
3287	#FFFFFF	509
3288	#FFFFFF	509
3289	#FFFFFF	455
3290	#FFFFFF	455
3291	#FFFFFF	455
3292	#FFFFFF	455
3293	#FFFFFF	455
3294	#FFFFFF	455
3295	#FFFFFF	455
3296	#FFFFFF	509
3297	#FFFFFF	455
3298	#FFFFFF	455
3299	#FFFFFF	455
3300	#FFFFFF	455
3301	#FFFFFF	455
3302	#FFFFFF	455
3303	#FFFFFF	455
3304	#FFFFFF	455
3305	#FFFFFF	455
3306	#FFFFFF	455
3307	#FFFFFF	509
3308	#FFFFFF	455
3309	#FFFFFF	455
3310	#FFFFFF	455
3311	#FFFFFF	455
3312	#FFFFFF	3462
3314	#FFFFFF	455
3315	#FFFFFF	3555
3316	#FFFFFF	455
3317	#FFFFFF	455
3318	#FFFFFF	509
3319	#FFFFFF	455
3320	#FFFFFF	455
3321	#FFFFFF	455
3322	#FFFFFF	455
3323	#FFFFFF	455
3324	#FFFFFF	455
3325	#FFFFFF	455
3326	#FFFFFF	455
3327	#FFFFFF	455
3328	#FFFFFF	455
3329	#FFFFFF	455
3330	#FFFFFF	455
3331	#FFFFFF	455
3332	#FFFFFF	509
3333	#FFFFFF	509
3334	#FFFFFF	509
3335	#FFFFFF	509
3336	#FFFFFF	509
3337	#FFFFFF	455
3338	#FFFFFF	509
3339	#FFFFFF	509
3340	#FFFFFF	455
3341	#FFFFFF	455
3342	#FFFFFF	455
3343	#FFFFFF	455
3344	#FFFFFF	455
3345	#FFFFFF	455
3346	#FFFFFF	455
3347	#FFFFFF	509
3348	#FFFFFF	455
3349	#FFFFFF	455
3350	#FFFFFF	455
3351	#FFFFFF	455
3352	#FFFFFF	455
3353	#FFFFFF	455
3354	#FFFFFF	455
3355	#FFFFFF	455
3356	#FFFFFF	455
3357	#FFFFFF	455
3358	#FFFFFF	509
3359	#FFFFFF	455
3360	#FFFFFF	455
3361	#FFFFFF	455
3362	#FFFFFF	455
3364	#FFFFFF	455
3365	#FFFFFF	455
3366	#FFFFFF	3555
3367	#FFFFFF	455
3368	#FFFFFF	455
3369	#FFFFFF	455
3370	#FFFFFF	455
3371	#FFFFFF	455
3372	#FFFFFF	455
3373	#FFFFFF	455
3374	#FFFFFF	455
3375	#FFFFFF	455
3376	#FFFFFF	455
3377	#FFFFFF	455
3378	#FFFFFF	455
3379	#FFFFFF	455
3380	#FFFFFF	455
3381	#FFFFFF	455
3382	#FFFFFF	455
3383	#FFFFFF	455
3384	#FFFFFF	400
3385	#FFFFFF	400
3386	#FFFFFF	400
3387	#FFFFFF	61
3388	#FFFFFF	61
3389	#FFFFFF	61
3390	#FFFFFF	61
3391	#FFFFFF	61
3392	#FFFFFF	61
3393	#FFFFFF	61
3394	#FFFFFF	61
3395	#FFFFFF	61
3396	#FFFFFF	61
3397	#FFFFFF	400
3398	#FFFFFF	400
3399	#FFFFFF	61
3400	#FFFFFF	61
3401	#FFFFFF	400
3402	#FFFFFF	400
3403	#FFFFFF	400
3404	#FFFFFF	2492
3405	#FFFFFF	400
3406	#FFFFFF	400
3408	#FFFFFF	61
3412	#FFFFFF	2012
3413	#FFFFFF	2012
3414	#FFFFFF	2012
3415	#FFFFFF	2012
3416	#FFFFFF	2012
3417	#FFFFFF	2012
3418	#FFFFFF	2012
3419	#FFFFFF	61
3420	#FFFFFF	2012
3421	#FFFFFF	2012
3422	#FFFFFF	2012
3423	#FFFFFF	2012
3424	#FFFFFF	2012
3425	#FFFFFF	2012
3426	#FFFFFF	2012
3427	#FFFFFF	2012
3428	#FFFFFF	2012
3429	#FFFFFF	2012
3430	#FFFFFF	61
3431	#FFFFFF	61
3432	#FFFFFF	400
3433	#FFFFFF	61
3434	#FFFFFF	61
3435	#FFFFFF	400
3436	#FFFFFF	400
3437	#FFFFFF	400
3438	#FFFFFF	61
3439	#FFFFFF	61
3440	#FFFFFF	61
3441	#FFFFFF	400
3442	#FFFFFF	61
3443	#FFFFFF	61
3444	#FFFFFF	61
3445	#FFFFFF	61
3446	#FFFFFF	61
3447	#FFFFFF	400
3448	#FFFFFF	400
3449	#FFFFFF	61
3450	#FFFFFF	61
3451	#FFFFFF	400
3452	#FFFFFF	400
3453	#FFFFFF	400
3454	#FFFFFF	2492
3455	#FFFFFF	400
3456	#FFFFFF	400
3459	#FFFFFF	61
3462	#FFFFFF	2012
3463	#FFFFFF	2012
3464	#FFFFFF	2012
3465	#FFFFFF	2012
3466	#FFFFFF	2012
3467	#FFFFFF	2012
3468	#FFFFFF	2012
3469	#FFFFFF	2012
3470	#FFFFFF	61
3471	#FFFFFF	2012
3472	#FFFFFF	2012
3473	#FFFFFF	2012
3474	#FFFFFF	2012
3475	#FFFFFF	2012
3476	#FFFFFF	2012
3477	#FFFFFF	2012
3478	#FFFFFF	2012
3479	#FFFFFF	2012
3480	#FFFFFF	61
3481	#FFFFFF	61
3482	#FFFFFF	61
3483	#FFFFFF	61
3484	#FFFFFF	61
3485	#FFFFFF	1833
3486	#FFFFFF	509
3487	#FFFFFF	509
3488	#FFFFFF	455
3489	#FFFFFF	509
3490	#FFFFFF	509
3491	#FFFFFF	455
3492	#FFFFFF	455
3493	#FFFFFF	455
3494	#FFFFFF	455
3495	#FFFFFF	455
3496	#FFFFFF	455
3497	#FFFFFF	455
3498	#FFFFFF	509
3499	#FFFFFF	455
3500	#FFFFFF	455
3501	#FFFFFF	455
3502	#FFFFFF	455
3503	#FFFFFF	455
3504	#FFFFFF	455
3505	#FFFFFF	455
3506	#FFFFFF	455
3507	#FFFFFF	455
3508	#FFFFFF	455
3509	#FFFFFF	455
3510	#FFFFFF	455
3511	#FFFFFF	455
3512	#FFFFFF	455
3513	#FFFFFF	455
3514	#FFFFFF	455
3515	#FFFFFF	455
3516	#FFFFFF	3555
3517	#FFFFFF	3555
3518	#FFFFFF	3555
3519	#FFFFFF	455
3520	#FFFFFF	455
3521	#FFFFFF	455
3522	#FFFFFF	455
3523	#FFFFFF	455
3524	#FFFFFF	455
3525	#FFFFFF	455
3526	#FFFFFF	455
3527	#FFFFFF	455
3528	#FFFFFF	455
3529	#FFFFFF	455
3530	#FFFFFF	455
3531	#FFFFFF	455
3532	#FFFFFF	455
3533	#FFFFFF	455
3534	#FFFFFF	455
3535	#FFFFFF	455
3536	#FFFFFF	509
3537	#FFFFFF	509
3538	#FFFFFF	455
3539	#FFFFFF	509
3540	#FFFFFF	455
3541	#FFFFFF	509
3542	#FFFFFF	455
3543	#FFFFFF	455
3544	#FFFFFF	455
3545	#FFFFFF	455
3546	#FFFFFF	455
3547	#FFFFFF	455
3548	#FFFFFF	455
3549	#FFFFFF	509
3550	#FFFFFF	455
3551	#FFFFFF	455
3552	#FFFFFF	455
3553	#FFFFFF	455
3554	#FFFFFF	455
3555	#FFFFFF	455
3556	#FFFFFF	455
3557	#FFFFFF	455
3558	#FFFFFF	1354
3559	#FFFFFF	455
3560	#FFFFFF	455
3561	#FFFFFF	455
3562	#FFFFFF	455
3563	#FFFFFF	455
3564	#FFFFFF	455
3565	#FFFFFF	3555
3566	#FFFFFF	455
3567	#FFFFFF	3555
3568	#FFFFFF	455
3569	#FFFFFF	455
3570	#FFFFFF	455
3571	#FFFFFF	455
3572	#FFFFFF	455
3573	#FFFFFF	455
3574	#FFFFFF	455
3575	#FFFFFF	455
3576	#FFFFFF	455
3577	#FFFFFF	455
3578	#FFFFFF	455
3579	#FFFFFF	455
3580	#FFFFFF	455
3581	#FFFFFF	455
3582	#FFFFFF	455
3583	#FFFFFF	455
3584	#FFFFFF	455
3585	#FFFFFF	455
3586	#FFFFFF	509
3587	#FFFFFF	509
3588	#FFFFFF	455
3589	#FFFFFF	455
3590	#FFFFFF	455
3591	#FFFFFF	455
3592	#FFFFFF	509
3593	#FFFFFF	455
3594	#FFFFFF	455
3595	#FFFFFF	455
3596	#FFFFFF	455
3597	#FFFFFF	455
3598	#FFFFFF	455
3599	#FFFFFF	509
3600	#FFFFFF	455
3601	#FFFFFF	455
3602	#FFFFFF	455
3603	#FFFFFF	455
3604	#FFFFFF	455
3605	#FFFFFF	455
3606	#FFFFFF	455
3607	#FFFFFF	1354
3608	#FFFFFF	1354
3609	#FFFFFF	455
3610	#FFFFFF	455
3611	#FFFFFF	455
3612	#FFFFFF	455
3613	#FFFFFF	455
3614	#FFFFFF	455
3615	#FFFFFF	3555
3616	#FFFFFF	455
3617	#FFFFFF	3555
3618	#FFFFFF	3555
3619	#FFFFFF	455
3620	#FFFFFF	455
3621	#FFFFFF	455
3622	#FFFFFF	455
3623	#FFFFFF	455
3624	#FFFFFF	455
3625	#FFFFFF	455
3626	#FFFFFF	455
3627	#FFFFFF	455
3628	#FFFFFF	455
3629	#FFFFFF	455
3630	#FFFFFF	455
3631	#FFFFFF	455
3632	#FFFFFF	455
3633	#FFFFFF	455
3634	#FFFFFF	455
3635	#FFFFFF	455
3636	#FFFFFF	455
3637	#FFFFFF	509
3638	#FFFFFF	455
3639	#FFFFFF	455
3640	#FFFFFF	455
3641	#FFFFFF	455
3642	#FFFFFF	509
3643	#FFFFFF	509
3644	#FFFFFF	455
3645	#FFFFFF	455
3646	#FFFFFF	455
3647	#FFFFFF	455
3648	#FFFFFF	455
3649	#FFFFFF	455
3650	#FFFFFF	455
3651	#FFFFFF	455
3652	#FFFFFF	455
3653	#FFFFFF	455
3654	#FFFFFF	455
3655	#FFFFFF	455
3656	#FFFFFF	455
3657	#FFFFFF	1354
3658	#FFFFFF	1354
3659	#FFFFFF	1354
3660	#FFFFFF	455
3661	#FFFFFF	455
3662	#FFFFFF	455
3663	#FFFFFF	455
3664	#FFFFFF	455
3665	#FFFFFF	3555
3666	#FFFFFF	455
3667	#FFFFFF	3555
3668	#FFFFFF	455
3670	#FFFFFF	3555
3671	#FFFFFF	455
3672	#FFFFFF	455
3673	#FFFFFF	455
3674	#FFFFFF	455
3675	#FFFFFF	455
3676	#FFFFFF	455
3677	#FFFFFF	455
3678	#FFFFFF	455
3679	#FFFFFF	455
3680	#FFFFFF	455
3681	#FFFFFF	455
3682	#FFFFFF	455
3683	#FFFFFF	455
3684	#FFFFFF	455
3685	#FFFFFF	455
3686	#FFFFFF	455
3687	#FFFFFF	509
3688	#FFFFFF	509
3689	#FFFFFF	455
3690	#FFFFFF	455
3691	#FFFFFF	455
3692	#FFFFFF	455
3693	#FFFFFF	455
3694	#FFFFFF	455
3695	#FFFFFF	455
3696	#FFFFFF	455
3697	#FFFFFF	455
3698	#FFFFFF	455
3699	#FFFFFF	455
3700	#FFFFFF	455
3701	#FFFFFF	455
3702	#FFFFFF	455
3703	#FFFFFF	455
3704	#FFFFFF	455
3705	#FFFFFF	455
3706	#FFFFFF	455
3707	#FFFFFF	455
3708	#FFFFFF	455
3709	#FFFFFF	1354
3710	#FFFFFF	1354
3711	#FFFFFF	455
3712	#FFFFFF	455
3713	#FFFFFF	455
3714	#FFFFFF	455
3715	#FFFFFF	455
3716	#FFFFFF	3555
3717	#FFFFFF	3555
3718	#FFFFFF	455
3719	#FFFFFF	455
3720	#FFFFFF	3555
3722	#FFFFFF	455
3723	#FFFFFF	455
3724	#FFFFFF	455
3725	#FFFFFF	455
3726	#FFFFFF	455
3727	#FFFFFF	455
3728	#FFFFFF	455
3729	#FFFFFF	455
3730	#FFFFFF	455
3731	#FFFFFF	455
3732	#FFFFFF	455
3733	#FFFFFF	455
3734	#FFFFFF	455
3735	#FFFFFF	455
3736	#FFFFFF	455
3737	#FFFFFF	455
3738	#FFFFFF	509
3739	#FFFFFF	455
3740	#FFFFFF	455
3741	#FFFFFF	455
3742	#FFFFFF	455
3743	#FFFFFF	455
3744	#FFFFFF	455
3745	#FFFFFF	455
3746	#FFFFFF	455
3747	#FFFFFF	455
3748	#FFFFFF	455
3749	#FFFFFF	455
3750	#FFFFFF	455
3751	#FFFFFF	455
3752	#FFFFFF	455
3753	#FFFFFF	455
3754	#FFFFFF	455
3755	#FFFFFF	455
3756	#FFFFFF	455
3757	#FFFFFF	1354
3758	#FFFFFF	455
3759	#FFFFFF	455
3760	#FFFFFF	1354
3761	#FFFFFF	455
3762	#FFFFFF	455
3763	#FFFFFF	455
3764	#FFFFFF	455
3765	#FFFFFF	455
3766	#FFFFFF	455
3767	#FFFFFF	3555
3768	#FFFFFF	3555
3769	#FFFFFF	455
3770	#FFFFFF	455
3771	#FFFFFF	455
3772	#FFFFFF	3555
3773	#FFFFFF	455
3774	#FFFFFF	455
3775	#FFFFFF	455
3776	#FFFFFF	455
3777	#FFFFFF	455
3778	#FFFFFF	455
3779	#FFFFFF	455
3780	#FFFFFF	455
3781	#FFFFFF	455
3782	#FFFFFF	455
3783	#FFFFFF	455
3784	#FFFFFF	455
3785	#FFFFFF	455
3786	#FFFFFF	455
3787	#FFFFFF	455
3788	#FFFFFF	509
3789	#FFFFFF	509
3790	#FFFFFF	455
3791	#FFFFFF	455
3792	#FFFFFF	455
3793	#FFFFFF	455
3794	#FFFFFF	455
3795	#FFFFFF	455
3796	#FFFFFF	455
3797	#FFFFFF	455
3798	#FFFFFF	455
3799	#FFFFFF	455
3800	#FFFFFF	455
3801	#FFFFFF	455
3802	#FFFFFF	455
3803	#FFFFFF	455
3804	#FFFFFF	455
3805	#FFFFFF	455
3806	#FFFFFF	455
3807	#FFFFFF	1354
3808	#FFFFFF	1354
3809	#FFFFFF	1354
3810	#FFFFFF	455
3811	#FFFFFF	1354
3812	#FFFFFF	455
3813	#FFFFFF	455
3814	#FFFFFF	1354
3815	#FFFFFF	455
3816	#FFFFFF	1354
3817	#FFFFFF	455
3818	#FFFFFF	455
3819	#FFFFFF	455
3820	#FFFFFF	455
3821	#FFFFFF	455
3822	#FFFFFF	455
3823	#FFFFFF	455
3824	#FFFFFF	455
3826	#FFFFFF	455
3827	#FFFFFF	455
3828	#FFFFFF	455
3829	#FFFFFF	455
3830	#FFFFFF	455
3831	#FFFFFF	455
3832	#FFFFFF	455
3833	#FFFFFF	455
3834	#FFFFFF	455
3835	#FFFFFF	455
3836	#FFFFFF	455
3837	#FFFFFF	455
3838	#FFFFFF	455
3839	#FFFFFF	509
3840	#FFFFFF	455
3841	#FFFFFF	455
3842	#FFFFFF	455
3843	#FFFFFF	455
3844	#FFFFFF	455
3845	#FFFFFF	455
3846	#FFFFFF	455
3847	#FFFFFF	455
3848	#FFFFFF	455
3849	#FFFFFF	455
3850	#FFFFFF	455
3851	#FFFFFF	455
3852	#FFFFFF	455
3853	#FFFFFF	455
3854	#FFFFFF	455
3855	#FFFFFF	455
3856	#FFFFFF	455
3857	#FFFFFF	455
3858	#FFFFFF	1354
3859	#FFFFFF	1354
3860	#FFFFFF	455
3861	#FFFFFF	1354
3862	#FFFFFF	1354
3863	#FFFFFF	455
3864	#FFFFFF	1354
3865	#FFFFFF	1354
3866	#FFFFFF	1354
3867	#FFFFFF	455
3868	#FFFFFF	455
3869	#FFFFFF	1354
3870	#FFFFFF	455
3871	#FFFFFF	455
3872	#FFFFFF	455
3873	#FFFFFF	455
3874	#FFFFFF	455
3875	#FFFFFF	455
3876	#FFFFFF	455
3877	#FFFFFF	455
3878	#FFFFFF	455
3879	#FFFFFF	455
3880	#FFFFFF	455
3881	#FFFFFF	455
3882	#FFFFFF	455
3883	#FFFFFF	455
3884	#FFFFFF	455
3885	#FFFFFF	455
3886	#FFFFFF	455
3887	#FFFFFF	455
3888	#FFFFFF	455
3889	#FFFFFF	509
3890	#FFFFFF	455
3891	#FFFFFF	455
3892	#FFFFFF	455
3893	#FFFFFF	455
3894	#FFFFFF	455
3895	#FFFFFF	455
3896	#FFFFFF	455
3897	#FFFFFF	455
3898	#FFFFFF	455
3899	#FFFFFF	455
3900	#FFFFFF	455
3901	#FFFFFF	455
3902	#FFFFFF	455
3903	#FFFFFF	455
3904	#FFFFFF	455
3905	#FFFFFF	455
3906	#FFFFFF	455
3907	#FFFFFF	455
3908	#FFFFFF	455
3909	#FFFFFF	1354
3910	#FFFFFF	1354
3911	#FFFFFF	455
3913	#FFFFFF	455
3914	#FFFFFF	1354
3915	#FFFFFF	1354
3916	#FFFFFF	1354
3917	#FFFFFF	455
3918	#FFFFFF	455
3919	#FFFFFF	1354
3920	#FFFFFF	1354
3921	#FFFFFF	1354
3922	#FFFFFF	455
3923	#FFFFFF	455
3924	#FFFFFF	455
3925	#FFFFFF	455
3926	#FFFFFF	455
3927	#FFFFFF	455
3928	#FFFFFF	455
3929	#FFFFFF	455
3930	#FFFFFF	455
3931	#FFFFFF	455
3932	#FFFFFF	455
3933	#FFFFFF	455
3934	#FFFFFF	455
3935	#FFFFFF	455
3936	#FFFFFF	455
3937	#FFFFFF	455
3938	#FFFFFF	455
3940	#FFFFFF	509
3941	#FFFFFF	455
3942	#FFFFFF	455
3943	#FFFFFF	455
3944	#FFFFFF	455
3945	#FFFFFF	455
3946	#FFFFFF	455
3947	#FFFFFF	455
3948	#FFFFFF	455
3949	#FFFFFF	455
3950	#FFFFFF	455
3951	#FFFFFF	455
3952	#FFFFFF	455
3953	#FFFFFF	455
3954	#FFFFFF	455
3955	#FFFFFF	455
3956	#FFFFFF	455
3957	#FFFFFF	455
3958	#FFFFFF	455
3959	#FFFFFF	1354
3960	#FFFFFF	1354
3961	#FFFFFF	1354
3962	#FFFFFF	1354
3963	#FFFFFF	1354
3964	#FFFFFF	455
3965	#FFFFFF	1354
3966	#FFFFFF	1354
3967	#FFFFFF	455
3968	#FFFFFF	1354
3969	#FFFFFF	1354
3970	#FFFFFF	1354
3971	#FFFFFF	1354
3972	#FFFFFF	455
3973	#FFFFFF	455
3974	#FFFFFF	455
3975	#FFFFFF	455
3976	#FFFFFF	455
3977	#FFFFFF	455
3978	#FFFFFF	455
3979	#FFFFFF	455
3980	#FFFFFF	455
3981	#FFFFFF	455
3982	#FFFFFF	455
3983	#FFFFFF	455
3984	#FFFFFF	455
3985	#FFFFFF	455
3986	#FFFFFF	455
3987	#FFFFFF	455
3989	#FFFFFF	455
4041	#FFFFFF	400
4042	#FFFFFF	400
4043	#FFFFFF	400
4044	#FFFFFF	61
4045	#FFFFFF	61
4046	#FFFFFF	61
4047	#FFFFFF	400
4048	#FFFFFF	61
4049	#FFFFFF	61
4050	#FFFFFF	61
4051	#FFFFFF	61
4052	#FFFFFF	61
4053	#FFFFFF	61
4054	#FFFFFF	400
4055	#FFFFFF	400
4056	#FFFFFF	61
4057	#FFFFFF	400
4058	#FFFFFF	400
4059	#FFFFFF	400
4061	#FFFFFF	2492
4062	#FFFFFF	400
4065	#FFFFFF	400
4068	#FFFFFF	2012
4069	#FFFFFF	2012
4070	#FFFFFF	2012
4071	#FFFFFF	2012
4072	#FFFFFF	2012
4073	#FFFFFF	2012
4074	#FFFFFF	2012
4075	#FFFFFF	2012
4076	#FFFFFF	400
4077	#FFFFFF	2012
4078	#FFFFFF	2012
4079	#FFFFFF	2012
4080	#FFFFFF	2012
4081	#FFFFFF	2012
4082	#FFFFFF	2012
4083	#FFFFFF	2012
4084	#FFFFFF	2012
4085	#FFFFFF	2012
4086	#FFFFFF	2012
4087	#FFFFFF	61
4088	#FFFFFF	61
4089	#FFFFFF	61
4090	#FFFFFF	61
4091	#FFFFFF	61
4092	#FFFFFF	400
4093	#FFFFFF	400
4094	#FFFFFF	400
4095	#FFFFFF	61
4096	#FFFFFF	61
4097	#FFFFFF	400
4098	#FFFFFF	400
4099	#FFFFFF	61
4100	#FFFFFF	61
4101	#FFFFFF	61
4102	#FFFFFF	61
4103	#FFFFFF	61
4104	#FFFFFF	400
4105	#FFFFFF	400
4106	#FFFFFF	400
4107	#FFFFFF	400
4108	#FFFFFF	400
4109	#FFFFFF	400
4110	#FFFFFF	400
4111	#FFFFFF	2492
4112	#FFFFFF	2492
4116	#FFFFFF	400
4118	#FFFFFF	400
4119	#FFFFFF	2012
4120	#FFFFFF	2012
4121	#FFFFFF	2012
4122	#FFFFFF	2012
4123	#FFFFFF	2012
4124	#FFFFFF	2012
4125	#FFFFFF	2012
4126	#FFFFFF	2012
4127	#FFFFFF	61
4128	#FFFFFF	2012
4129	#FFFFFF	2012
4130	#FFFFFF	2012
4131	#FFFFFF	2012
4132	#FFFFFF	2012
4133	#FFFFFF	2012
4134	#FFFFFF	2012
4135	#FFFFFF	2012
4136	#FFFFFF	2012
4137	#FFFFFF	61
4138	#FFFFFF	61
4139	#FFFFFF	61
4140	#FFFFFF	61
4141	#FFFFFF	61
4142	#FFFFFF	400
4143	#FFFFFF	400
4144	#FFFFFF	400
4145	#FFFFFF	61
4146	#FFFFFF	400
4147	#FFFFFF	61
4148	#FFFFFF	400
4149	#FFFFFF	61
4150	#FFFFFF	61
4151	#FFFFFF	61
4152	#FFFFFF	61
4153	#FFFFFF	61
4154	#FFFFFF	61
4155	#FFFFFF	400
4156	#FFFFFF	61
4157	#FFFFFF	400
4158	#FFFFFF	400
4159	#FFFFFF	400
4160	#FFFFFF	400
4161	#FFFFFF	2012
4162	#FFFFFF	2012
4166	#FFFFFF	400
4168	#FFFFFF	400
4169	#FFFFFF	2012
4170	#FFFFFF	2012
4171	#FFFFFF	2012
4172	#FFFFFF	2012
4173	#FFFFFF	2012
4174	#FFFFFF	2012
4175	#FFFFFF	2012
4176	#FFFFFF	2012
4177	#FFFFFF	400
4178	#FFFFFF	2012
4179	#FFFFFF	2012
4180	#FFFFFF	2012
4181	#FFFFFF	2012
4182	#FFFFFF	2012
4183	#FFFFFF	455
4184	#FFFFFF	2012
4185	#FFFFFF	2012
4186	#FFFFFF	2012
4187	#FFFFFF	2012
4188	#FFFFFF	61
4189	#FFFFFF	61
4190	#FFFFFF	61
4191	#FFFFFF	61
4192	#FFFFFF	61
4193	#FFFFFF	400
4194	#FFFFFF	400
4195	#FFFFFF	400
4196	#FFFFFF	400
4197	#FFFFFF	400
4198	#FFFFFF	400
4199	#FFFFFF	400
4200	#FFFFFF	61
4201	#FFFFFF	61
4202	#FFFFFF	61
4203	#FFFFFF	61
4204	#FFFFFF	61
4205	#FFFFFF	61
4206	#FFFFFF	400
4207	#FFFFFF	400
4208	#FFFFFF	61
4209	#FFFFFF	400
4210	#FFFFFF	400
4211	#FFFFFF	400
4212	#FFFFFF	2012
4217	#FFFFFF	400
4218	#FFFFFF	400
4219	#FFFFFF	2012
4220	#FFFFFF	2012
4221	#FFFFFF	2012
4222	#FFFFFF	2012
4223	#FFFFFF	2012
4224	#FFFFFF	2012
4225	#FFFFFF	2012
4226	#FFFFFF	2012
4227	#FFFFFF	2012
4228	#FFFFFF	400
4229	#FFFFFF	2012
4230	#FFFFFF	2012
4231	#FFFFFF	2012
4232	#FFFFFF	2012
4233	#FFFFFF	455
4234	#FFFFFF	455
4235	#FFFFFF	455
4236	#FFFFFF	2012
4237	#FFFFFF	2012
4238	#FFFFFF	61
4239	#FFFFFF	61
4240	#FFFFFF	400
4241	#FFFFFF	400
4242	#FFFFFF	400
4243	#FFFFFF	400
4244	#FFFFFF	400
4245	#FFFFFF	400
4246	#FFFFFF	400
4247	#FFFFFF	400
4248	#FFFFFF	400
4249	#FFFFFF	400
4250	#FFFFFF	61
4251	#FFFFFF	61
4252	#FFFFFF	61
4253	#FFFFFF	61
4254	#FFFFFF	61
4255	#FFFFFF	61
4256	#FFFFFF	400
4257	#FFFFFF	400
4258	#FFFFFF	61
4259	#FFFFFF	61
4260	#FFFFFF	400
4261	#FFFFFF	400
4262	#FFFFFF	2012
4267	#FFFFFF	400
4268	#FFFFFF	400
4269	#FFFFFF	2012
4270	#FFFFFF	2012
4271	#FFFFFF	2012
4272	#FFFFFF	2012
4273	#FFFFFF	2012
4274	#FFFFFF	2012
4275	#FFFFFF	2012
4276	#FFFFFF	2012
4277	#FFFFFF	2012
4278	#FFFFFF	400
4279	#FFFFFF	2012
4280	#FFFFFF	2012
4281	#FFFFFF	2012
4282	#FFFFFF	455
4283	#FFFFFF	2012
4284	#FFFFFF	455
4285	#FFFFFF	455
4286	#FFFFFF	2012
4287	#FFFFFF	2012
4288	#FFFFFF	2012
4289	#FFFFFF	400
4290	#FFFFFF	61
4291	#FFFFFF	400
4292	#FFFFFF	400
4293	#FFFFFF	400
4294	#FFFFFF	400
4295	#FFFFFF	400
4296	#FFFFFF	400
4297	#FFFFFF	400
4298	#FFFFFF	400
4299	#FFFFFF	400
4300	#FFFFFF	61
4301	#FFFFFF	61
4302	#FFFFFF	61
4303	#FFFFFF	61
4304	#FFFFFF	61
4305	#FFFFFF	61
4306	#FFFFFF	61
4307	#FFFFFF	400
4308	#FFFFFF	61
4309	#FFFFFF	61
4310	#FFFFFF	400
4311	#FFFFFF	400
4312	#FFFFFF	400
4317	#FFFFFF	400
4318	#FFFFFF	400
4319	#FFFFFF	400
4320	#FFFFFF	2012
4321	#FFFFFF	2012
4322	#FFFFFF	2012
4323	#FFFFFF	2012
4324	#FFFFFF	2012
4325	#FFFFFF	2012
4326	#FFFFFF	2012
4327	#FFFFFF	2012
4328	#FFFFFF	2012
4329	#FFFFFF	400
4330	#FFFFFF	2012
4331	#FFFFFF	2012
4332	#FFFFFF	455
4333	#FFFFFF	455
4334	#FFFFFF	455
4335	#FFFFFF	455
4336	#FFFFFF	455
4337	#FFFFFF	455
4338	#FFFFFF	2012
4339	#FFFFFF	400
4340	#FFFFFF	400
4341	#FFFFFF	400
4342	#FFFFFF	400
4343	#FFFFFF	400
4344	#FFFFFF	400
4345	#FFFFFF	400
4346	#FFFFFF	400
4347	#FFFFFF	400
4348	#FFFFFF	400
4349	#FFFFFF	400
4350	#FFFFFF	400
4351	#FFFFFF	61
4352	#FFFFFF	61
4353	#FFFFFF	61
4354	#FFFFFF	61
4355	#FFFFFF	61
4356	#FFFFFF	61
4357	#FFFFFF	400
4358	#FFFFFF	61
4359	#FFFFFF	61
4360	#FFFFFF	400
4361	#FFFFFF	400
4362	#FFFFFF	2012
4367	#FFFFFF	2012
4368	#FFFFFF	400
4369	#FFFFFF	2012
4370	#FFFFFF	400
4371	#FFFFFF	2012
4372	#FFFFFF	2012
4373	#FFFFFF	2012
4374	#FFFFFF	2012
4375	#FFFFFF	2012
4376	#FFFFFF	2012
4377	#FFFFFF	2012
4378	#FFFFFF	2012
4379	#FFFFFF	400
4380	#FFFFFF	2012
4381	#FFFFFF	455
4382	#FFFFFF	2012
4383	#FFFFFF	2012
4384	#FFFFFF	455
4385	#FFFFFF	455
4386	#FFFFFF	455
4387	#FFFFFF	455
4388	#FFFFFF	2012
4389	#FFFFFF	2012
4390	#FFFFFF	400
4391	#FFFFFF	400
4392	#FFFFFF	400
4393	#FFFFFF	400
4394	#FFFFFF	400
4395	#FFFFFF	400
4396	#FFFFFF	400
4397	#FFFFFF	400
4398	#FFFFFF	400
4399	#FFFFFF	400
4400	#FFFFFF	400
4401	#FFFFFF	400
4402	#FFFFFF	61
4403	#FFFFFF	61
4404	#FFFFFF	61
4405	#FFFFFF	61
4406	#FFFFFF	61
4407	#FFFFFF	61
4408	#FFFFFF	400
4410	#FFFFFF	61
4411	#FFFFFF	400
4412	#FFFFFF	400
4417	#FFFFFF	2012
4418	#FFFFFF	2012
4419	#FFFFFF	400
4420	#FFFFFF	2012
4421	#FFFFFF	2012
4422	#FFFFFF	2012
4423	#FFFFFF	2012
4424	#FFFFFF	2012
4425	#FFFFFF	2012
4426	#FFFFFF	2012
4427	#FFFFFF	2012
4428	#FFFFFF	2012
4429	#FFFFFF	2012
4430	#FFFFFF	400
4431	#FFFFFF	2012
4432	#FFFFFF	455
4433	#FFFFFF	2012
4434	#FFFFFF	455
4435	#FFFFFF	455
4436	#FFFFFF	455
4437	#FFFFFF	2012
4438	#FFFFFF	2012
4439	#FFFFFF	2012
4440	#FFFFFF	400
4441	#FFFFFF	400
4442	#FFFFFF	400
4443	#FFFFFF	400
4444	#FFFFFF	400
4445	#FFFFFF	400
4446	#FFFFFF	400
4447	#FFFFFF	400
4448	#FFFFFF	400
4449	#FFFFFF	400
4450	#FFFFFF	400
4451	#FFFFFF	400
4452	#FFFFFF	61
4453	#FFFFFF	61
4454	#FFFFFF	61
4455	#FFFFFF	61
4456	#FFFFFF	61
4457	#FFFFFF	61
4458	#FFFFFF	400
4459	#FFFFFF	61
4460	#FFFFFF	61
4461	#FFFFFF	400
4462	#FFFFFF	400
4467	#FFFFFF	2012
4468	#FFFFFF	2012
4469	#FFFFFF	400
4470	#FFFFFF	2012
4471	#FFFFFF	2012
4472	#FFFFFF	2012
4473	#FFFFFF	2012
4474	#FFFFFF	2012
4475	#FFFFFF	2012
4476	#FFFFFF	2012
4477	#FFFFFF	2012
4478	#FFFFFF	455
4479	#FFFFFF	2012
4480	#FFFFFF	400
4481	#FFFFFF	455
4482	#FFFFFF	455
4483	#FFFFFF	455
4484	#FFFFFF	2012
4485	#FFFFFF	455
4486	#FFFFFF	455
4487	#FFFFFF	2012
4488	#FFFFFF	2012
4489	#FFFFFF	2012
4490	#FFFFFF	2012
4491	#FFFFFF	400
4492	#FFFFFF	400
4493	#FFFFFF	400
4494	#FFFFFF	400
4495	#FFFFFF	400
4496	#FFFFFF	61
4497	#FFFFFF	61
4498	#FFFFFF	61
4499	#FFFFFF	400
4500	#FFFFFF	400
4501	#FFFFFF	61
4502	#FFFFFF	400
4503	#FFFFFF	61
4504	#FFFFFF	61
4505	#FFFFFF	61
4506	#FFFFFF	61
4507	#FFFFFF	61
4508	#FFFFFF	61
4509	#FFFFFF	400
4510	#FFFFFF	61
4511	#FFFFFF	61
4512	#FFFFFF	400
4517	#FFFFFF	400
4518	#FFFFFF	2012
4519	#FFFFFF	2012
4520	#FFFFFF	400
4521	#FFFFFF	2012
4522	#FFFFFF	2012
4523	#FFFFFF	2012
4524	#FFFFFF	2012
4525	#FFFFFF	2012
4526	#FFFFFF	2012
4527	#FFFFFF	2012
4528	#FFFFFF	2012
4529	#FFFFFF	455
4530	#FFFFFF	2012
4531	#FFFFFF	400
4532	#FFFFFF	455
4533	#FFFFFF	455
4534	#FFFFFF	455
4535	#FFFFFF	455
4536	#FFFFFF	455
4537	#FFFFFF	455
4538	#FFFFFF	2012
4539	#FFFFFF	2012
4540	#FFFFFF	2012
4541	#FFFFFF	400
4542	#FFFFFF	400
4543	#FFFFFF	400
4544	#FFFFFF	400
4545	#FFFFFF	400
4546	#FFFFFF	61
4547	#FFFFFF	61
4548	#FFFFFF	61
4549	#FFFFFF	400
4550	#FFFFFF	400
4551	#FFFFFF	400
4552	#FFFFFF	400
4553	#FFFFFF	400
4554	#FFFFFF	400
4555	#FFFFFF	400
4556	#FFFFFF	400
4557	#FFFFFF	400
4558	#FFFFFF	61
4559	#FFFFFF	61
4560	#FFFFFF	400
4561	#FFFFFF	61
4562	#FFFFFF	61
4563	#FFFFFF	400
4564	#FFFFFF	400
4565	#FFFFFF	400
4566	#FFFFFF	2492
4567	#FFFFFF	2492
4568	#FFFFFF	2492
4569	#FFFFFF	2492
4570	#FFFFFF	61
4571	#FFFFFF	400
4572	#FFFFFF	400
4573	#FFFFFF	2012
4578	#FFFFFF	400
4579	#FFFFFF	2012
4580	#FFFFFF	2012
4581	#FFFFFF	400
4582	#FFFFFF	2012
4583	#FFFFFF	2012
4584	#FFFFFF	2012
4585	#FFFFFF	2012
4586	#FFFFFF	2012
4587	#FFFFFF	2012
4588	#FFFFFF	1221
4589	#FFFFFF	1221
4590	#FFFFFF	1221
4591	#FFFFFF	1221
4592	#FFFFFF	61
4593	#FFFFFF	61
4594	#FFFFFF	61
4595	#FFFFFF	400
4596	#FFFFFF	400
4597	#FFFFFF	61
4598	#FFFFFF	61
4599	#FFFFFF	61
4600	#FFFFFF	400
4601	#FFFFFF	400
4602	#FFFFFF	400
4603	#FFFFFF	400
4604	#FFFFFF	400
4605	#FFFFFF	400
4606	#FFFFFF	400
4607	#FFFFFF	400
4608	#FFFFFF	61
4609	#FFFFFF	61
4610	#FFFFFF	61
4611	#FFFFFF	400
4612	#FFFFFF	61
4613	#FFFFFF	61
4614	#FFFFFF	400
4615	#FFFFFF	400
4616	#FFFFFF	400
4617	#FFFFFF	2492
4618	#FFFFFF	400
4619	#FFFFFF	2492
4620	#FFFFFF	2492
4621	#FFFFFF	400
4622	#FFFFFF	400
4623	#FFFFFF	2012
4624	#FFFFFF	2012
4629	#FFFFFF	2012
4630	#FFFFFF	2012
4631	#FFFFFF	2012
4632	#FFFFFF	400
4633	#FFFFFF	2012
4634	#FFFFFF	2012
4635	#FFFFFF	2012
4636	#FFFFFF	2012
4637	#FFFFFF	2012
4638	#FFFFFF	1221
4639	#FFFFFF	1221
4640	#FFFFFF	1221
4641	#FFFFFF	1221
4642	#FFFFFF	61
4643	#FFFFFF	61
4644	#FFFFFF	400
4645	#FFFFFF	400
4646	#FFFFFF	400
4647	#FFFFFF	61
4648	#FFFFFF	61
4649	#FFFFFF	61
4650	#FFFFFF	400
4651	#FFFFFF	400
4652	#FFFFFF	400
4653	#FFFFFF	400
4654	#FFFFFF	400
4655	#FFFFFF	400
4656	#FFFFFF	400
4657	#FFFFFF	400
4658	#FFFFFF	400
4659	#FFFFFF	400
4660	#FFFFFF	61
4661	#FFFFFF	61
4662	#FFFFFF	400
4663	#FFFFFF	400
4664	#FFFFFF	400
4665	#FFFFFF	400
4666	#FFFFFF	400
4667	#FFFFFF	400
4668	#FFFFFF	2492
4669	#FFFFFF	400
4670	#FFFFFF	400
4671	#FFFFFF	400
4672	#FFFFFF	400
4673	#FFFFFF	400
4674	#FFFFFF	400
4675	#FFFFFF	400
4680	#FFFFFF	2012
4681	#FFFFFF	2012
4682	#FFFFFF	61
4683	#FFFFFF	2012
4684	#FFFFFF	2012
4685	#FFFFFF	2012
4686	#FFFFFF	2012
4687	#FFFFFF	1221
4688	#FFFFFF	2012
4689	#FFFFFF	1221
4690	#FFFFFF	1221
4691	#FFFFFF	1221
4692	#FFFFFF	1221
4693	#FFFFFF	61
4694	#FFFFFF	61
4695	#FFFFFF	400
4696	#FFFFFF	400
4697	#FFFFFF	400
4698	#FFFFFF	61
4699	#FFFFFF	61
4700	#FFFFFF	400
4701	#FFFFFF	400
4702	#FFFFFF	400
4703	#FFFFFF	400
4704	#FFFFFF	400
4705	#FFFFFF	400
4706	#FFFFFF	400
4707	#FFFFFF	400
4708	#FFFFFF	400
4709	#FFFFFF	400
4710	#FFFFFF	61
4711	#FFFFFF	400
4712	#FFFFFF	400
4713	#FFFFFF	400
4714	#FFFFFF	400
4715	#FFFFFF	400
4716	#FFFFFF	400
4717	#FFFFFF	400
4718	#FFFFFF	400
4719	#FFFFFF	400
4720	#FFFFFF	400
4721	#FFFFFF	400
4722	#FFFFFF	61
4723	#FFFFFF	400
4724	#FFFFFF	400
4725	#FFFFFF	400
4726	#FFFFFF	400
4731	#FFFFFF	2012
4732	#FFFFFF	2012
4733	#FFFFFF	61
4734	#FFFFFF	2012
4735	#FFFFFF	2012
4736	#FFFFFF	2012
4737	#FFFFFF	2012
4738	#FFFFFF	1221
4739	#FFFFFF	1221
4740	#FFFFFF	1221
4741	#FFFFFF	1221
4742	#FFFFFF	1221
4743	#FFFFFF	61
4744	#FFFFFF	400
4745	#FFFFFF	400
4746	#FFFFFF	400
4747	#FFFFFF	400
4748	#FFFFFF	400
4749	#FFFFFF	400
4750	#FFFFFF	400
4751	#FFFFFF	400
4752	#FFFFFF	400
4753	#FFFFFF	400
4754	#FFFFFF	400
4755	#FFFFFF	400
4756	#FFFFFF	400
4757	#FFFFFF	400
4758	#FFFFFF	400
4759	#FFFFFF	400
4760	#FFFFFF	61
4761	#FFFFFF	400
4762	#FFFFFF	400
4763	#FFFFFF	400
4764	#FFFFFF	400
4765	#FFFFFF	400
4766	#FFFFFF	400
4767	#FFFFFF	400
4768	#FFFFFF	400
4769	#FFFFFF	400
4770	#FFFFFF	400
4771	#FFFFFF	400
4772	#FFFFFF	61
4773	#FFFFFF	400
4774	#FFFFFF	400
4775	#FFFFFF	400
4776	#FFFFFF	400
4777	#FFFFFF	400
4782	#FFFFFF	2012
4783	#FFFFFF	400
4784	#FFFFFF	2012
4785	#FFFFFF	2012
4786	#FFFFFF	2012
4787	#FFFFFF	2012
4788	#FFFFFF	1221
4789	#FFFFFF	1221
4790	#FFFFFF	1221
4791	#FFFFFF	1221
4792	#FFFFFF	1221
4793	#FFFFFF	1221
4794	#FFFFFF	61
4795	#FFFFFF	61
4796	#FFFFFF	400
4797	#FFFFFF	400
4798	#FFFFFF	400
4799	#FFFFFF	400
4800	#FFFFFF	400
4801	#FFFFFF	400
4802	#FFFFFF	400
4803	#FFFFFF	400
4804	#FFFFFF	400
4805	#FFFFFF	400
4806	#FFFFFF	400
4807	#FFFFFF	400
4808	#FFFFFF	400
4809	#FFFFFF	400
4810	#FFFFFF	400
4811	#FFFFFF	400
4812	#FFFFFF	400
4813	#FFFFFF	400
4814	#FFFFFF	400
4815	#FFFFFF	400
4816	#FFFFFF	400
4817	#FFFFFF	400
4818	#FFFFFF	400
4819	#FFFFFF	400
4820	#FFFFFF	400
4821	#FFFFFF	400
4822	#FFFFFF	400
4823	#FFFFFF	61
4824	#FFFFFF	400
4825	#FFFFFF	400
4826	#FFFFFF	400
4827	#FFFFFF	400
4828	#FFFFFF	400
4833	#FFFFFF	2012
4834	#FFFFFF	400
4835	#FFFFFF	2012
4836	#FFFFFF	2012
4837	#FFFFFF	2012
4838	#FFFFFF	1221
4839	#FFFFFF	1221
4840	#FFFFFF	1221
4841	#FFFFFF	1221
4842	#FFFFFF	1221
4843	#FFFFFF	1221
4844	#FFFFFF	400
4845	#FFFFFF	61
4846	#FFFFFF	400
4847	#FFFFFF	400
4848	#FFFFFF	400
4849	#FFFFFF	400
4850	#FFFFFF	400
4851	#FFFFFF	400
4852	#FFFFFF	400
4853	#FFFFFF	400
4854	#FFFFFF	400
4855	#FFFFFF	400
4856	#FFFFFF	400
4857	#FFFFFF	400
4858	#FFFFFF	400
4859	#FFFFFF	400
4860	#FFFFFF	400
4861	#FFFFFF	400
4862	#FFFFFF	400
4863	#FFFFFF	400
4864	#FFFFFF	400
4865	#FFFFFF	400
4866	#FFFFFF	400
4867	#FFFFFF	400
4868	#FFFFFF	400
4869	#FFFFFF	400
4870	#FFFFFF	400
4871	#FFFFFF	400
4872	#FFFFFF	400
4873	#FFFFFF	400
4874	#FFFFFF	400
4875	#FFFFFF	400
4876	#FFFFFF	400
4877	#FFFFFF	400
4878	#FFFFFF	400
4879	#FFFFFF	2012
4884	#FFFFFF	400
4885	#FFFFFF	2012
4886	#FFFFFF	2012
4887	#FFFFFF	1221
4888	#FFFFFF	1221
4889	#FFFFFF	1221
4890	#FFFFFF	1221
4891	#FFFFFF	1221
4892	#FFFFFF	1221
4893	#FFFFFF	1221
4894	#FFFFFF	1221
4895	#FFFFFF	400
4896	#FFFFFF	400
4897	#FFFFFF	61
4898	#FFFFFF	400
4899	#FFFFFF	400
4900	#FFFFFF	400
4901	#FFFFFF	400
4902	#FFFFFF	400
4903	#FFFFFF	400
4904	#FFFFFF	400
4905	#FFFFFF	400
4906	#FFFFFF	400
4907	#FFFFFF	400
4908	#FFFFFF	400
4909	#FFFFFF	400
4910	#FFFFFF	400
4911	#FFFFFF	400
4912	#FFFFFF	400
4913	#FFFFFF	400
4914	#FFFFFF	400
4915	#FFFFFF	400
4916	#FFFFFF	400
4917	#FFFFFF	400
4918	#FFFFFF	400
4919	#FFFFFF	400
4920	#FFFFFF	400
4921	#FFFFFF	400
4922	#FFFFFF	400
4923	#FFFFFF	400
4924	#FFFFFF	400
4925	#FFFFFF	400
4926	#FFFFFF	400
4927	#FFFFFF	400
4929	#FFFFFF	400
4930	#FFFFFF	2012
4935	#FFFFFF	400
4936	#FFFFFF	1221
4937	#FFFFFF	1221
4938	#FFFFFF	1221
4939	#FFFFFF	1221
4940	#FFFFFF	1221
4941	#FFFFFF	1221
4942	#FFFFFF	1221
4943	#FFFFFF	1221
4944	#FFFFFF	1221
4945	#FFFFFF	400
4946	#FFFFFF	61
4947	#FFFFFF	400
4948	#FFFFFF	400
4949	#FFFFFF	400
4950	#FFFFFF	400
4951	#FFFFFF	400
4952	#FFFFFF	400
4953	#FFFFFF	400
4954	#FFFFFF	400
4955	#FFFFFF	400
4956	#FFFFFF	400
4957	#FFFFFF	400
4958	#FFFFFF	400
4959	#FFFFFF	400
4960	#FFFFFF	400
4961	#FFFFFF	400
4962	#FFFFFF	400
4963	#FFFFFF	400
4964	#FFFFFF	400
4965	#FFFFFF	400
4966	#FFFFFF	400
4967	#FFFFFF	400
4968	#FFFFFF	400
4969	#FFFFFF	400
4970	#FFFFFF	400
4971	#FFFFFF	400
4972	#FFFFFF	400
4973	#FFFFFF	400
4974	#FFFFFF	400
4975	#FFFFFF	400
4976	#FFFFFF	400
4977	#FFFFFF	400
4978	#FFFFFF	400
4979	#FFFFFF	2012
4980	#FFFFFF	2012
4981	#FFFFFF	2012
4982	#FFFFFF	2012
4985	#FFFFFF	400
4987	#FFFFFF	1221
4988	#FEF7F9	3379
4989	#FFFFFF	1221
4990	#FFFFFF	1221
4991	#FFFFFF	1221
4992	#FFFFFF	1221
4993	#FFFFFF	1221
4994	#FFFFFF	1221
4996	#FFFFFF	400
4997	#FFFFFF	400
4998	#FFFFFF	61
4999	#FFFFFF	400
5000	#FFFFFF	400
5001	#FFFFFF	400
5002	#FFFFFF	400
5003	#FFFFFF	400
5004	#FFFFFF	400
5005	#FFFFFF	400
5006	#FFFFFF	400
5007	#FFFFFF	400
5008	#FFFFFF	400
5009	#FFFFFF	400
5010	#FFFFFF	400
5011	#FFFFFF	400
5012	#FFFFFF	400
5013	#FFFFFF	400
5014	#FFFFFF	400
5015	#FFFFFF	400
5016	#FFFFFF	400
5017	#FFFFFF	400
5018	#FFFFFF	400
5019	#FFFFFF	400
5020	#FFFFFF	400
5021	#FFFFFF	400
5022	#FFFFFF	400
5023	#FFFFFF	400
5024	#FFFFFF	400
5025	#FFFFFF	400
5026	#FFFFFF	400
5027	#FFFFFF	400
5028	#FFFFFF	400
5029	#FFFFFF	400
5030	#FFFFFF	2012
5031	#FFFFFF	2012
5032	#FFFFFF	2012
5036	#FFFFFF	400
5038	#FEF7F9	3379
5039	#FFFFFF	1221
5040	#FFFFFF	1221
5041	#FFFFFF	1221
5042	#FFFFFF	1221
5043	#FFFFFF	1221
5044	#FFFFFF	1221
5046	#FFFFFF	400
5047	#FFFFFF	400
5048	#FFFFFF	61
5049	#FFFFFF	400
5050	#FFFFFF	400
